node_id,zone_id,x_coord,y_coord,meso_link_id,lane_no,is_boundary
0,,-111.9261189,33.4219815,0,1,
1,,-111.9260434,33.4219816,0,1,
2,,-111.9259679,33.4219817,0,1,
3,,-111.9258924,33.4219817,0,1,
4,,-111.9258169,33.4219818,0,1,
5,,-111.9257414,33.4219819,0,1,
6,,-111.9256659,33.4219819,0,1,
7,,-111.9255904,33.421982,0,1,
8,,-111.9255149,33.421982,0,1,
9,,-111.9254394,33.4219821,0,1,
10,,-111.9253639,33.4219822,0,1,
11,,-111.9252884,33.4219822,0,1,
12,,-111.9252129,33.4219823,0,1,
13,,-111.9251374,33.4219823,0,1,
14,,-111.9250619,33.4219824,0,1,
15,,-111.9249863,33.4219825,0,1,
16,,-111.9249108,33.4219825,0,1,
17,,-111.9248353,33.4219826,0,1,
18,,-111.9247598,33.4219826,0,1,
19,,-111.9246843,33.4219827,0,1,
20,,-111.9246088,33.4219828,0,1,
21,,-111.9245333,33.4219828,0,1,
22,,-111.9244578,33.4219829,0,1,
23,,-111.9243823,33.4219829,0,1,
24,,-111.9243068,33.421983,0,1,
25,,-111.9242313,33.4219831,0,1,
26,,-111.9241558,33.4219831,0,1,
27,,-111.9240803,33.4219832,0,1,
28,,-111.9240048,33.4219832,0,1,
29,,-111.9239293,33.4219833,0,1,
30,,-111.9238538,33.4219834,0,1,
31,,-111.9237783,33.4219834,0,1,
32,,-111.9237028,33.4219835,0,1,
33,,-111.9236273,33.4219835,0,1,
34,,-111.9235518,33.4219836,0,1,
35,,-111.9234763,33.4219837,0,1,
36,,-111.9234008,33.4219837,0,1,
37,,-111.9233253,33.4219838,0,1,
38,,-111.9232498,33.4219838,0,1,
39,,-111.9231743,33.4219839,0,1,
40,,-111.9230987,33.421984,0,1,
41,,-111.9230232,33.421984,0,1,
42,,-111.9229477,33.4219841,0,1,
43,,-111.9228722,33.4219841,0,1,
44,,-111.9227967,33.4219842,0,1,
45,,-111.9227212,33.4219842,0,1,
46,,-111.9226457,33.4219843,0,1,
47,,-111.9225702,33.4219844,0,1,
48,,-111.9224947,33.4219844,0,1,
49,,-111.9224192,33.4219845,0,1,
50,,-111.9223437,33.4219845,0,1,
51,,-111.9222682,33.4219846,0,1,
52,,-111.9221927,33.4219847,0,1,
53,,-111.9221172,33.4219847,0,1,
54,,-111.9220417,33.4219848,0,1,
55,,-111.9219662,33.4219848,0,1,
56,,-111.9218907,33.4219849,0,1,
57,,-111.9218152,33.421985,0,1,
58,,-111.9217397,33.421985,0,1,
59,,-111.9216642,33.4219851,0,1,
60,,-111.9215887,33.4219851,0,1,
61,,-111.9215132,33.4219852,0,1,
62,,-111.9214377,33.4219852,0,1,
63,,-111.9213622,33.4219853,0,1,
64,,-111.9212867,33.4219854,0,1,
65,,-111.9212111,33.4219854,0,1,
66,,-111.9211356,33.4219855,0,1,
67,,-111.9210601,33.4219855,0,1,
68,,-111.9209846,33.4219856,0,1,
69,,-111.9209091,33.4219856,0,1,
70,,-111.9208336,33.4219857,0,1,
71,,-111.9207581,33.4219858,0,1,
72,,-111.9206826,33.4219858,0,1,
73,,-111.9206071,33.4219859,0,1,
74,,-111.9205316,33.4219859,0,1,
75,,-111.9204561,33.421986,0,1,
76,,-111.9203806,33.4219861,0,1,
77,,-111.9203051,33.4219861,0,1,
78,,-111.9202296,33.4219862,0,1,
79,,-111.9201541,33.4219862,0,1,
80,,-111.9200786,33.4219863,0,1,
81,1,-111.9200031,33.4219863,0,1,
82,,-111.9261189,33.42195,0,2,
83,,-111.9260434,33.42195,0,2,
84,,-111.9259679,33.4219501,0,2,
85,,-111.9258924,33.4219502,0,2,
86,,-111.9258169,33.4219502,0,2,
87,,-111.9257414,33.4219503,0,2,
88,,-111.9256658,33.4219503,0,2,
89,,-111.9255903,33.4219504,0,2,
90,,-111.9255148,33.4219505,0,2,
91,,-111.9254393,33.4219505,0,2,
92,,-111.9253638,33.4219506,0,2,
93,,-111.9252883,33.4219506,0,2,
94,,-111.9252128,33.4219507,0,2,
95,,-111.9251373,33.4219508,0,2,
96,,-111.9250618,33.4219508,0,2,
97,,-111.9249863,33.4219509,0,2,
98,,-111.9249108,33.4219509,0,2,
99,,-111.9248353,33.421951,0,2,
100,,-111.9247598,33.4219511,0,2,
101,,-111.9246843,33.4219511,0,2,
102,,-111.9246088,33.4219512,0,2,
103,,-111.9245333,33.4219512,0,2,
104,,-111.9244578,33.4219513,0,2,
105,,-111.9243823,33.4219514,0,2,
106,,-111.9243068,33.4219514,0,2,
107,,-111.9242313,33.4219515,0,2,
108,,-111.9241558,33.4219515,0,2,
109,,-111.9240803,33.4219516,0,2,
110,,-111.9240048,33.4219517,0,2,
111,,-111.9239293,33.4219517,0,2,
112,,-111.9238538,33.4219518,0,2,
113,,-111.9237782,33.4219518,0,2,
114,,-111.9237027,33.4219519,0,2,
115,,-111.9236272,33.421952,0,2,
116,,-111.9235517,33.421952,0,2,
117,,-111.9234762,33.4219521,0,2,
118,,-111.9234007,33.4219521,0,2,
119,,-111.9233252,33.4219522,0,2,
120,,-111.9232497,33.4219523,0,2,
121,,-111.9231742,33.4219523,0,2,
122,,-111.9230987,33.4219524,0,2,
123,,-111.9230232,33.4219524,0,2,
124,,-111.9229477,33.4219525,0,2,
125,,-111.9228722,33.4219526,0,2,
126,,-111.9227967,33.4219526,0,2,
127,,-111.9227212,33.4219527,0,2,
128,,-111.9226457,33.4219527,0,2,
129,,-111.9225702,33.4219528,0,2,
130,,-111.9224947,33.4219529,0,2,
131,,-111.9224192,33.4219529,0,2,
132,,-111.9223437,33.421953,0,2,
133,,-111.9222682,33.421953,0,2,
134,,-111.9221927,33.4219531,0,2,
135,,-111.9221172,33.4219531,0,2,
136,,-111.9220417,33.4219532,0,2,
137,,-111.9219662,33.4219533,0,2,
138,,-111.9218906,33.4219533,0,2,
139,,-111.9218151,33.4219534,0,2,
140,,-111.9217396,33.4219534,0,2,
141,,-111.9216641,33.4219535,0,2,
142,,-111.9215886,33.4219536,0,2,
143,,-111.9215131,33.4219536,0,2,
144,,-111.9214376,33.4219537,0,2,
145,,-111.9213621,33.4219537,0,2,
146,,-111.9212866,33.4219538,0,2,
147,,-111.9212111,33.4219538,0,2,
148,,-111.9211356,33.4219539,0,2,
149,,-111.9210601,33.421954,0,2,
150,,-111.9209846,33.421954,0,2,
151,,-111.9209091,33.4219541,0,2,
152,,-111.9208336,33.4219541,0,2,
153,,-111.9207581,33.4219542,0,2,
154,,-111.9206826,33.4219543,0,2,
155,,-111.9206071,33.4219543,0,2,
156,,-111.9205316,33.4219544,0,2,
157,,-111.9204561,33.4219544,0,2,
158,,-111.9203806,33.4219545,0,2,
159,,-111.9203051,33.4219545,0,2,
160,,-111.9202296,33.4219546,0,2,
161,,-111.9201541,33.4219547,0,2,
162,,-111.9200786,33.4219547,0,2,
163,1,-111.920003,33.4219548,0,2,
164,,-111.9261188,33.4219184,0,3,
165,,-111.9260433,33.4219185,0,3,
166,,-111.9259678,33.4219185,0,3,
167,,-111.9258923,33.4219186,0,3,
168,,-111.9258168,33.4219187,0,3,
169,,-111.9257413,33.4219187,0,3,
170,,-111.9256658,33.4219188,0,3,
171,,-111.9255903,33.4219188,0,3,
172,,-111.9255148,33.4219189,0,3,
173,,-111.9254393,33.421919,0,3,
174,,-111.9253638,33.421919,0,3,
175,,-111.9252883,33.4219191,0,3,
176,,-111.9252128,33.4219191,0,3,
177,,-111.9251373,33.4219192,0,3,
178,,-111.9250618,33.4219193,0,3,
179,,-111.9249863,33.4219193,0,3,
180,,-111.9249108,33.4219194,0,3,
181,,-111.9248353,33.4219194,0,3,
182,,-111.9247598,33.4219195,0,3,
183,,-111.9246843,33.4219196,0,3,
184,,-111.9246088,33.4219196,0,3,
185,,-111.9245333,33.4219197,0,3,
186,,-111.9244577,33.4219197,0,3,
187,,-111.9243822,33.4219198,0,3,
188,,-111.9243067,33.4219199,0,3,
189,,-111.9242312,33.4219199,0,3,
190,,-111.9241557,33.42192,0,3,
191,,-111.9240802,33.42192,0,3,
192,,-111.9240047,33.4219201,0,3,
193,,-111.9239292,33.4219202,0,3,
194,,-111.9238537,33.4219202,0,3,
195,,-111.9237782,33.4219203,0,3,
196,,-111.9237027,33.4219203,0,3,
197,,-111.9236272,33.4219204,0,3,
198,,-111.9235517,33.4219205,0,3,
199,,-111.9234762,33.4219205,0,3,
200,,-111.9234007,33.4219206,0,3,
201,,-111.9233252,33.4219206,0,3,
202,,-111.9232497,33.4219207,0,3,
203,,-111.9231742,33.4219208,0,3,
204,,-111.9230987,33.4219208,0,3,
205,,-111.9230232,33.4219209,0,3,
206,,-111.9229477,33.4219209,0,3,
207,,-111.9228722,33.421921,0,3,
208,,-111.9227967,33.421921,0,3,
209,,-111.9227212,33.4219211,0,3,
210,,-111.9226457,33.4219212,0,3,
211,,-111.9225701,33.4219212,0,3,
212,,-111.9224946,33.4219213,0,3,
213,,-111.9224191,33.4219213,0,3,
214,,-111.9223436,33.4219214,0,3,
215,,-111.9222681,33.4219215,0,3,
216,,-111.9221926,33.4219215,0,3,
217,,-111.9221171,33.4219216,0,3,
218,,-111.9220416,33.4219216,0,3,
219,,-111.9219661,33.4219217,0,3,
220,,-111.9218906,33.4219218,0,3,
221,,-111.9218151,33.4219218,0,3,
222,,-111.9217396,33.4219219,0,3,
223,,-111.9216641,33.4219219,0,3,
224,,-111.9215886,33.421922,0,3,
225,,-111.9215131,33.421922,0,3,
226,,-111.9214376,33.4219221,0,3,
227,,-111.9213621,33.4219222,0,3,
228,,-111.9212866,33.4219222,0,3,
229,,-111.9212111,33.4219223,0,3,
230,,-111.9211356,33.4219223,0,3,
231,,-111.9210601,33.4219224,0,3,
232,,-111.9209846,33.4219225,0,3,
233,,-111.9209091,33.4219225,0,3,
234,,-111.9208336,33.4219226,0,3,
235,,-111.9207581,33.4219226,0,3,
236,,-111.9206826,33.4219227,0,3,
237,,-111.920607,33.4219227,0,3,
238,,-111.9205315,33.4219228,0,3,
239,,-111.920456,33.4219229,0,3,
240,,-111.9203805,33.4219229,0,3,
241,,-111.920305,33.421923,0,3,
242,,-111.9202295,33.421923,0,3,
243,,-111.920154,33.4219231,0,3,
244,,-111.9200785,33.4219231,0,3,
245,1,-111.920003,33.4219232,0,3,
246,,-111.9261188,33.4218868,0,4,
247,,-111.9260433,33.4218869,0,4,
248,,-111.9259678,33.421887,0,4,
249,,-111.9258923,33.421887,0,4,
250,,-111.9258168,33.4218871,0,4,
251,,-111.9257413,33.4218871,0,4,
252,,-111.9256658,33.4218872,0,4,
253,,-111.9255903,33.4218873,0,4,
254,,-111.9255148,33.4218873,0,4,
255,,-111.9254393,33.4218874,0,4,
256,,-111.9253638,33.4218874,0,4,
257,,-111.9252883,33.4218875,0,4,
258,,-111.9252128,33.4218876,0,4,
259,,-111.9251372,33.4218876,0,4,
260,,-111.9250617,33.4218877,0,4,
261,,-111.9249862,33.4218877,0,4,
262,,-111.9249107,33.4218878,0,4,
263,,-111.9248352,33.4218879,0,4,
264,,-111.9247597,33.4218879,0,4,
265,,-111.9246842,33.421888,0,4,
266,,-111.9246087,33.4218881,0,4,
267,,-111.9245332,33.4218881,0,4,
268,,-111.9244577,33.4218882,0,4,
269,,-111.9243822,33.4218882,0,4,
270,,-111.9243067,33.4218883,0,4,
271,,-111.9242312,33.4218884,0,4,
272,,-111.9241557,33.4218884,0,4,
273,,-111.9240802,33.4218885,0,4,
274,,-111.9240047,33.4218885,0,4,
275,,-111.9239292,33.4218886,0,4,
276,,-111.9238537,33.4218886,0,4,
277,,-111.9237782,33.4218887,0,4,
278,,-111.9237027,33.4218888,0,4,
279,,-111.9236272,33.4218888,0,4,
280,,-111.9235517,33.4218889,0,4,
281,,-111.9234762,33.4218889,0,4,
282,,-111.9234007,33.421889,0,4,
283,,-111.9233252,33.4218891,0,4,
284,,-111.9232496,33.4218891,0,4,
285,,-111.9231741,33.4218892,0,4,
286,,-111.9230986,33.4218892,0,4,
287,,-111.9230231,33.4218893,0,4,
288,,-111.9229476,33.4218894,0,4,
289,,-111.9228721,33.4218894,0,4,
290,,-111.9227966,33.4218895,0,4,
291,,-111.9227211,33.4218895,0,4,
292,,-111.9226456,33.4218896,0,4,
293,,-111.9225701,33.4218897,0,4,
294,,-111.9224946,33.4218897,0,4,
295,,-111.9224191,33.4218898,0,4,
296,,-111.9223436,33.4218898,0,4,
297,,-111.9222681,33.4218899,0,4,
298,,-111.9221926,33.42189,0,4,
299,,-111.9221171,33.42189,0,4,
300,,-111.9220416,33.4218901,0,4,
301,,-111.9219661,33.4218901,0,4,
302,,-111.9218906,33.4218902,0,4,
303,,-111.9218151,33.4218902,0,4,
304,,-111.9217396,33.4218903,0,4,
305,,-111.9216641,33.4218904,0,4,
306,,-111.9215886,33.4218904,0,4,
307,,-111.9215131,33.4218905,0,4,
308,,-111.9214376,33.4218905,0,4,
309,,-111.9213621,33.4218906,0,4,
310,,-111.9212865,33.4218907,0,4,
311,,-111.921211,33.4218907,0,4,
312,,-111.9211355,33.4218908,0,4,
313,,-111.92106,33.4218908,0,4,
314,,-111.9209845,33.4218909,0,4,
315,,-111.920909,33.4218909,0,4,
316,,-111.9208335,33.421891,0,4,
317,,-111.920758,33.4218911,0,4,
318,,-111.9206825,33.4218911,0,4,
319,,-111.920607,33.4218912,0,4,
320,,-111.9205315,33.4218912,0,4,
321,,-111.920456,33.4218913,0,4,
322,,-111.9203805,33.4218913,0,4,
323,,-111.920305,33.4218914,0,4,
324,,-111.9202295,33.4218915,0,4,
325,,-111.920154,33.4218915,0,4,
326,,-111.9200785,33.4218916,0,4,
327,1,-111.920003,33.4218916,0,4,
328,1,-111.9200031,33.4220495,1,1,
329,,-111.9200787,33.4220494,1,1,
330,,-111.9201542,33.4220494,1,1,
331,,-111.9202297,33.4220493,1,1,
332,,-111.9203052,33.4220492,1,1,
333,,-111.9203807,33.4220492,1,1,
334,,-111.9204562,33.4220491,1,1,
335,,-111.9205317,33.4220491,1,1,
336,,-111.9206072,33.422049,1,1,
337,,-111.9206827,33.422049,1,1,
338,,-111.9207582,33.4220489,1,1,
339,,-111.9208337,33.4220488,1,1,
340,,-111.9209092,33.4220488,1,1,
341,,-111.9209847,33.4220487,1,1,
342,,-111.9210602,33.4220487,1,1,
343,,-111.9211357,33.4220486,1,1,
344,,-111.9212112,33.4220486,1,1,
345,,-111.9212867,33.4220485,1,1,
346,,-111.9213622,33.4220484,1,1,
347,,-111.9214377,33.4220484,1,1,
348,,-111.9215132,33.4220483,1,1,
349,,-111.9215887,33.4220483,1,1,
350,,-111.9216642,33.4220482,1,1,
351,,-111.9217397,33.4220481,1,1,
352,,-111.9218152,33.4220481,1,1,
353,,-111.9218907,33.422048,1,1,
354,,-111.9219663,33.422048,1,1,
355,,-111.9220418,33.4220479,1,1,
356,,-111.9221173,33.4220479,1,1,
357,,-111.9221928,33.4220478,1,1,
358,,-111.9222683,33.4220477,1,1,
359,,-111.9223438,33.4220477,1,1,
360,,-111.9224193,33.4220476,1,1,
361,,-111.9224948,33.4220476,1,1,
362,,-111.9225703,33.4220475,1,1,
363,,-111.9226458,33.4220474,1,1,
364,,-111.9227213,33.4220474,1,1,
365,,-111.9227968,33.4220473,1,1,
366,,-111.9228723,33.4220473,1,1,
367,,-111.9229478,33.4220472,1,1,
368,,-111.9230233,33.4220471,1,1,
369,,-111.9230988,33.4220471,1,1,
370,,-111.9231743,33.422047,1,1,
371,,-111.9232498,33.422047,1,1,
372,,-111.9233253,33.4220469,1,1,
373,,-111.9234008,33.4220469,1,1,
374,,-111.9234763,33.4220468,1,1,
375,,-111.9235518,33.4220467,1,1,
376,,-111.9236273,33.4220467,1,1,
377,,-111.9237028,33.4220466,1,1,
378,,-111.9237784,33.4220466,1,1,
379,,-111.9238539,33.4220465,1,1,
380,,-111.9239294,33.4220464,1,1,
381,,-111.9240049,33.4220464,1,1,
382,,-111.9240804,33.4220463,1,1,
383,,-111.9241559,33.4220463,1,1,
384,,-111.9242314,33.4220462,1,1,
385,,-111.9243069,33.4220461,1,1,
386,,-111.9243824,33.4220461,1,1,
387,,-111.9244579,33.422046,1,1,
388,,-111.9245334,33.422046,1,1,
389,,-111.9246089,33.4220459,1,1,
390,,-111.9246844,33.4220458,1,1,
391,,-111.9247599,33.4220458,1,1,
392,,-111.9248354,33.4220457,1,1,
393,,-111.9249109,33.4220457,1,1,
394,,-111.9249864,33.4220456,1,1,
395,,-111.9250619,33.4220455,1,1,
396,,-111.9251374,33.4220455,1,1,
397,,-111.9252129,33.4220454,1,1,
398,,-111.9252884,33.4220454,1,1,
399,,-111.9253639,33.4220453,1,1,
400,,-111.9254394,33.4220452,1,1,
401,,-111.9255149,33.4220452,1,1,
402,,-111.9255904,33.4220451,1,1,
403,,-111.925666,33.4220451,1,1,
404,,-111.9257415,33.422045,1,1,
405,,-111.925817,33.4220449,1,1,
406,,-111.9258925,33.4220449,1,1,
407,,-111.925968,33.4220448,1,1,
408,,-111.9260435,33.4220447,1,1,
409,,-111.926119,33.4220447,1,1,
410,1,-111.9200032,33.422081,1,2,
411,,-111.9200787,33.422081,1,2,
412,,-111.9201542,33.4220809,1,2,
413,,-111.9202297,33.4220809,1,2,
414,,-111.9203052,33.4220808,1,2,
415,,-111.9203807,33.4220808,1,2,
416,,-111.9204562,33.4220807,1,2,
417,,-111.9205317,33.4220806,1,2,
418,,-111.9206072,33.4220806,1,2,
419,,-111.9206827,33.4220805,1,2,
420,,-111.9207582,33.4220805,1,2,
421,,-111.9208337,33.4220804,1,2,
422,,-111.9209092,33.4220804,1,2,
423,,-111.9209847,33.4220803,1,2,
424,,-111.9210602,33.4220802,1,2,
425,,-111.9211357,33.4220802,1,2,
426,,-111.9212112,33.4220801,1,2,
427,,-111.9212868,33.4220801,1,2,
428,,-111.9213623,33.42208,1,2,
429,,-111.9214378,33.42208,1,2,
430,,-111.9215133,33.4220799,1,2,
431,,-111.9215888,33.4220798,1,2,
432,,-111.9216643,33.4220798,1,2,
433,,-111.9217398,33.4220797,1,2,
434,,-111.9218153,33.4220797,1,2,
435,,-111.9218908,33.4220796,1,2,
436,,-111.9219663,33.4220795,1,2,
437,,-111.9220418,33.4220795,1,2,
438,,-111.9221173,33.4220794,1,2,
439,,-111.9221928,33.4220794,1,2,
440,,-111.9222683,33.4220793,1,2,
441,,-111.9223438,33.4220792,1,2,
442,,-111.9224193,33.4220792,1,2,
443,,-111.9224948,33.4220791,1,2,
444,,-111.9225703,33.4220791,1,2,
445,,-111.9226458,33.422079,1,2,
446,,-111.9227213,33.422079,1,2,
447,,-111.9227968,33.4220789,1,2,
448,,-111.9228723,33.4220788,1,2,
449,,-111.9229478,33.4220788,1,2,
450,,-111.9230233,33.4220787,1,2,
451,,-111.9230989,33.4220787,1,2,
452,,-111.9231744,33.4220786,1,2,
453,,-111.9232499,33.4220785,1,2,
454,,-111.9233254,33.4220785,1,2,
455,,-111.9234009,33.4220784,1,2,
456,,-111.9234764,33.4220784,1,2,
457,,-111.9235519,33.4220783,1,2,
458,,-111.9236274,33.4220782,1,2,
459,,-111.9237029,33.4220782,1,2,
460,,-111.9237784,33.4220781,1,2,
461,,-111.9238539,33.4220781,1,2,
462,,-111.9239294,33.422078,1,2,
463,,-111.9240049,33.4220779,1,2,
464,,-111.9240804,33.4220779,1,2,
465,,-111.9241559,33.4220778,1,2,
466,,-111.9242314,33.4220778,1,2,
467,,-111.9243069,33.4220777,1,2,
468,,-111.9243824,33.4220776,1,2,
469,,-111.9244579,33.4220776,1,2,
470,,-111.9245334,33.4220775,1,2,
471,,-111.9246089,33.4220775,1,2,
472,,-111.9246844,33.4220774,1,2,
473,,-111.9247599,33.4220773,1,2,
474,,-111.9248354,33.4220773,1,2,
475,,-111.9249109,33.4220772,1,2,
476,,-111.9249865,33.4220772,1,2,
477,,-111.925062,33.4220771,1,2,
478,,-111.9251375,33.422077,1,2,
479,,-111.925213,33.422077,1,2,
480,,-111.9252885,33.4220769,1,2,
481,,-111.925364,33.4220769,1,2,
482,,-111.9254395,33.4220768,1,2,
483,,-111.925515,33.4220767,1,2,
484,,-111.9255905,33.4220767,1,2,
485,,-111.925666,33.4220766,1,2,
486,,-111.9257415,33.4220766,1,2,
487,,-111.925817,33.4220765,1,2,
488,,-111.9258925,33.4220764,1,2,
489,,-111.925968,33.4220764,1,2,
490,,-111.9260435,33.4220763,1,2,
491,,-111.926119,33.4220763,1,2,
492,1,-111.9200032,33.4221126,1,3,
493,,-111.9200787,33.4221126,1,3,
494,,-111.9201542,33.4221125,1,3,
495,,-111.9202297,33.4221124,1,3,
496,,-111.9203052,33.4221124,1,3,
497,,-111.9203807,33.4221123,1,3,
498,,-111.9204562,33.4221123,1,3,
499,,-111.9205317,33.4221122,1,3,
500,,-111.9206072,33.4221122,1,3,
501,,-111.9206828,33.4221121,1,3,
502,,-111.9207583,33.422112,1,3,
503,,-111.9208338,33.422112,1,3,
504,,-111.9209093,33.4221119,1,3,
505,,-111.9209848,33.4221119,1,3,
506,,-111.9210603,33.4221118,1,3,
507,,-111.9211358,33.4221118,1,3,
508,,-111.9212113,33.4221117,1,3,
509,,-111.9212868,33.4221116,1,3,
510,,-111.9213623,33.4221116,1,3,
511,,-111.9214378,33.4221115,1,3,
512,,-111.9215133,33.4221115,1,3,
513,,-111.9215888,33.4221114,1,3,
514,,-111.9216643,33.4221113,1,3,
515,,-111.9217398,33.4221113,1,3,
516,,-111.9218153,33.4221112,1,3,
517,,-111.9218908,33.4221112,1,3,
518,,-111.9219663,33.4221111,1,3,
519,,-111.9220418,33.4221111,1,3,
520,,-111.9221173,33.422111,1,3,
521,,-111.9221928,33.4221109,1,3,
522,,-111.9222683,33.4221109,1,3,
523,,-111.9223438,33.4221108,1,3,
524,,-111.9224193,33.4221108,1,3,
525,,-111.9224949,33.4221107,1,3,
526,,-111.9225704,33.4221106,1,3,
527,,-111.9226459,33.4221106,1,3,
528,,-111.9227214,33.4221105,1,3,
529,,-111.9227969,33.4221105,1,3,
530,,-111.9228724,33.4221104,1,3,
531,,-111.9229479,33.4221103,1,3,
532,,-111.9230234,33.4221103,1,3,
533,,-111.9230989,33.4221102,1,3,
534,,-111.9231744,33.4221102,1,3,
535,,-111.9232499,33.4221101,1,3,
536,,-111.9233254,33.4221101,1,3,
537,,-111.9234009,33.42211,1,3,
538,,-111.9234764,33.4221099,1,3,
539,,-111.9235519,33.4221099,1,3,
540,,-111.9236274,33.4221098,1,3,
541,,-111.9237029,33.4221098,1,3,
542,,-111.9237784,33.4221097,1,3,
543,,-111.9238539,33.4221096,1,3,
544,,-111.9239294,33.4221096,1,3,
545,,-111.9240049,33.4221095,1,3,
546,,-111.9240804,33.4221095,1,3,
547,,-111.9241559,33.4221094,1,3,
548,,-111.9242314,33.4221093,1,3,
549,,-111.924307,33.4221093,1,3,
550,,-111.9243825,33.4221092,1,3,
551,,-111.924458,33.4221092,1,3,
552,,-111.9245335,33.4221091,1,3,
553,,-111.924609,33.422109,1,3,
554,,-111.9246845,33.422109,1,3,
555,,-111.92476,33.4221089,1,3,
556,,-111.9248355,33.4221089,1,3,
557,,-111.924911,33.4221088,1,3,
558,,-111.9249865,33.4221087,1,3,
559,,-111.925062,33.4221087,1,3,
560,,-111.9251375,33.4221086,1,3,
561,,-111.925213,33.4221086,1,3,
562,,-111.9252885,33.4221085,1,3,
563,,-111.925364,33.4221084,1,3,
564,,-111.9254395,33.4221084,1,3,
565,,-111.925515,33.4221083,1,3,
566,,-111.9255905,33.4221082,1,3,
567,,-111.925666,33.4221082,1,3,
568,,-111.9257415,33.4221081,1,3,
569,,-111.925817,33.4221081,1,3,
570,,-111.9258925,33.422108,1,3,
571,,-111.925968,33.4221079,1,3,
572,,-111.9260435,33.4221079,1,3,
573,,-111.9261191,33.4221078,1,3,
574,1,-111.9200033,33.4221442,1,4,
575,,-111.9200788,33.4221441,1,4,
576,,-111.9201543,33.4221441,1,4,
577,,-111.9202298,33.422144,1,4,
578,,-111.9203053,33.422144,1,4,
579,,-111.9203808,33.4221439,1,4,
580,,-111.9204563,33.4221438,1,4,
581,,-111.9205318,33.4221438,1,4,
582,,-111.9206073,33.4221437,1,4,
583,,-111.9206828,33.4221437,1,4,
584,,-111.9207583,33.4221436,1,4,
585,,-111.9208338,33.4221436,1,4,
586,,-111.9209093,33.4221435,1,4,
587,,-111.9209848,33.4221434,1,4,
588,,-111.9210603,33.4221434,1,4,
589,,-111.9211358,33.4221433,1,4,
590,,-111.9212113,33.4221433,1,4,
591,,-111.9212868,33.4221432,1,4,
592,,-111.9213623,33.4221431,1,4,
593,,-111.9214378,33.4221431,1,4,
594,,-111.9215133,33.422143,1,4,
595,,-111.9215888,33.422143,1,4,
596,,-111.9216643,33.4221429,1,4,
597,,-111.9217398,33.4221429,1,4,
598,,-111.9218154,33.4221428,1,4,
599,,-111.9218909,33.4221427,1,4,
600,,-111.9219664,33.4221427,1,4,
601,,-111.9220419,33.4221426,1,4,
602,,-111.9221174,33.4221426,1,4,
603,,-111.9221929,33.4221425,1,4,
604,,-111.9222684,33.4221424,1,4,
605,,-111.9223439,33.4221424,1,4,
606,,-111.9224194,33.4221423,1,4,
607,,-111.9224949,33.4221423,1,4,
608,,-111.9225704,33.4221422,1,4,
609,,-111.9226459,33.4221422,1,4,
610,,-111.9227214,33.4221421,1,4,
611,,-111.9227969,33.422142,1,4,
612,,-111.9228724,33.422142,1,4,
613,,-111.9229479,33.4221419,1,4,
614,,-111.9230234,33.4221419,1,4,
615,,-111.9230989,33.4221418,1,4,
616,,-111.9231744,33.4221417,1,4,
617,,-111.9232499,33.4221417,1,4,
618,,-111.9233254,33.4221416,1,4,
619,,-111.9234009,33.4221416,1,4,
620,,-111.9234764,33.4221415,1,4,
621,,-111.9235519,33.4221414,1,4,
622,,-111.9236274,33.4221414,1,4,
623,,-111.923703,33.4221413,1,4,
624,,-111.9237785,33.4221413,1,4,
625,,-111.923854,33.4221412,1,4,
626,,-111.9239295,33.4221411,1,4,
627,,-111.924005,33.4221411,1,4,
628,,-111.9240805,33.422141,1,4,
629,,-111.924156,33.422141,1,4,
630,,-111.9242315,33.4221409,1,4,
631,,-111.924307,33.4221408,1,4,
632,,-111.9243825,33.4221408,1,4,
633,,-111.924458,33.4221407,1,4,
634,,-111.9245335,33.4221407,1,4,
635,,-111.924609,33.4221406,1,4,
636,,-111.9246845,33.4221405,1,4,
637,,-111.92476,33.4221405,1,4,
638,,-111.9248355,33.4221404,1,4,
639,,-111.924911,33.4221404,1,4,
640,,-111.9249865,33.4221403,1,4,
641,,-111.925062,33.4221402,1,4,
642,,-111.9251375,33.4221402,1,4,
643,,-111.925213,33.4221401,1,4,
644,,-111.9252885,33.4221401,1,4,
645,,-111.925364,33.42214,1,4,
646,,-111.9254395,33.4221399,1,4,
647,,-111.9255151,33.4221399,1,4,
648,,-111.9255906,33.4221398,1,4,
649,,-111.9256661,33.4221398,1,4,
650,,-111.9257416,33.4221397,1,4,
651,,-111.9258171,33.4221396,1,4,
652,,-111.9258926,33.4221396,1,4,
653,,-111.9259681,33.4221395,1,4,
654,,-111.9260436,33.4221395,1,4,
655,,-111.9261191,33.4221394,1,4,
656,,-111.9264633,33.4220438,2,1,
657,,-111.9265389,33.4220434,2,1,
658,,-111.9266145,33.4220431,2,1,
659,,-111.9266901,33.4220428,2,1,
660,,-111.9267657,33.4220424,2,1,
661,,-111.9268413,33.4220421,2,1,
662,,-111.9269169,33.4220418,2,1,
663,,-111.9269925,33.4220414,2,1,
664,,-111.9270681,33.4220411,2,1,
665,,-111.9271436,33.4220407,2,1,
666,,-111.9272192,33.4220404,2,1,
667,,-111.9272948,33.4220401,2,1,
668,,-111.9273704,33.4220397,2,1,
669,,-111.927446,33.4220394,2,1,
670,,-111.9275216,33.4220391,2,1,
671,,-111.9275972,33.4220387,2,1,
672,,-111.9276728,33.4220384,2,1,
673,,-111.9277484,33.4220381,2,1,
674,,-111.927824,33.4220377,2,1,
675,,-111.9278995,33.4220374,2,1,
676,,-111.9279751,33.422037,2,1,
677,,-111.9280507,33.4220367,2,1,
678,,-111.9281263,33.4220364,2,1,
679,,-111.9282019,33.422036,2,1,
680,,-111.9282775,33.4220357,2,1,
681,,-111.9283531,33.4220354,2,1,
682,,-111.9284287,33.422035,2,1,
683,,-111.9285043,33.4220347,2,1,
684,,-111.9285798,33.4220343,2,1,
685,,-111.9286554,33.422034,2,1,
686,,-111.928731,33.4220337,2,1,
687,,-111.9288066,33.4220333,2,1,
688,,-111.9288822,33.422033,2,1,
689,,-111.9289578,33.4220327,2,1,
690,,-111.9290334,33.4220323,2,1,
691,,-111.929109,33.422032,2,1,
692,,-111.9291846,33.4220316,2,1,
693,,-111.9292601,33.4220313,2,1,
694,,-111.9293357,33.422031,2,1,
695,,-111.9294113,33.4220306,2,1,
696,,-111.9294869,33.4220303,2,1,
697,,-111.9295625,33.4220299,2,1,
698,,-111.9296381,33.4220296,2,1,
699,,-111.9297137,33.4220293,2,1,
700,,-111.9297893,33.4220289,2,1,
701,,-111.9298649,33.4220286,2,1,
702,,-111.9299405,33.4220283,2,1,
703,,-111.930016,33.4220279,2,1,
704,,-111.9300916,33.4220276,2,1,
705,,-111.9301672,33.4220272,2,1,
706,,-111.9302428,33.4220269,2,1,
707,,-111.9303184,33.4220266,2,1,
708,,-111.930394,33.4220262,2,1,
709,,-111.9304696,33.4220259,2,1,
710,,-111.9305452,33.4220255,2,1,
711,,-111.9306208,33.4220252,2,1,
712,,-111.9306963,33.4220249,2,1,
713,,-111.9307719,33.4220245,2,1,
714,,-111.9308475,33.4220242,2,1,
715,,-111.9309231,33.4220239,2,1,
716,,-111.9309987,33.4220235,2,1,
717,,-111.9310743,33.4220232,2,1,
718,,-111.9311499,33.4220228,2,1,
719,,-111.9312255,33.4220225,2,1,
720,,-111.9313011,33.4220222,2,1,
721,,-111.9313767,33.4220218,2,1,
722,,-111.9314522,33.4220215,2,1,
723,,-111.9315278,33.4220211,2,1,
724,,-111.9316034,33.4220208,2,1,
725,,-111.931679,33.4220205,2,1,
726,,-111.9317546,33.4220201,2,1,
727,,-111.9318302,33.4220198,2,1,
728,,-111.9319058,33.4220194,2,1,
729,,-111.9319814,33.4220191,2,1,
730,,-111.932057,33.4220188,2,1,
731,,-111.9321325,33.4220184,2,1,
732,,-111.9322081,33.4220181,2,1,
733,,-111.9322837,33.4220177,2,1,
734,,-111.9323593,33.4220174,2,1,
735,,-111.9324349,33.4220171,2,1,
736,,-111.9325105,33.4220167,2,1,
737,2,-111.9325861,33.4220164,2,1,
738,,-111.9264635,33.4220753,2,2,
739,,-111.9265391,33.422075,2,2,
740,,-111.9266147,33.4220747,2,2,
741,,-111.9266903,33.4220743,2,2,
742,,-111.9267659,33.422074,2,2,
743,,-111.9268415,33.4220737,2,2,
744,,-111.9269171,33.4220733,2,2,
745,,-111.9269927,33.422073,2,2,
746,,-111.9270683,33.4220727,2,2,
747,,-111.9271438,33.4220723,2,2,
748,,-111.9272194,33.422072,2,2,
749,,-111.927295,33.4220716,2,2,
750,,-111.9273706,33.4220713,2,2,
751,,-111.9274462,33.422071,2,2,
752,,-111.9275218,33.4220706,2,2,
753,,-111.9275974,33.4220703,2,2,
754,,-111.927673,33.42207,2,2,
755,,-111.9277486,33.4220696,2,2,
756,,-111.9278242,33.4220693,2,2,
757,,-111.9278997,33.4220689,2,2,
758,,-111.9279753,33.4220686,2,2,
759,,-111.9280509,33.4220683,2,2,
760,,-111.9281265,33.4220679,2,2,
761,,-111.9282021,33.4220676,2,2,
762,,-111.9282777,33.4220673,2,2,
763,,-111.9283533,33.4220669,2,2,
764,,-111.9284289,33.4220666,2,2,
765,,-111.9285045,33.4220662,2,2,
766,,-111.92858,33.4220659,2,2,
767,,-111.9286556,33.4220656,2,2,
768,,-111.9287312,33.4220652,2,2,
769,,-111.9288068,33.4220649,2,2,
770,,-111.9288824,33.4220646,2,2,
771,,-111.928958,33.4220642,2,2,
772,,-111.9290336,33.4220639,2,2,
773,,-111.9291092,33.4220635,2,2,
774,,-111.9291848,33.4220632,2,2,
775,,-111.9292604,33.4220629,2,2,
776,,-111.9293359,33.4220625,2,2,
777,,-111.9294115,33.4220622,2,2,
778,,-111.9294871,33.4220619,2,2,
779,,-111.9295627,33.4220615,2,2,
780,,-111.9296383,33.4220612,2,2,
781,,-111.9297139,33.4220608,2,2,
782,,-111.9297895,33.4220605,2,2,
783,,-111.9298651,33.4220602,2,2,
784,,-111.9299407,33.4220598,2,2,
785,,-111.9300162,33.4220595,2,2,
786,,-111.9300918,33.4220591,2,2,
787,,-111.9301674,33.4220588,2,2,
788,,-111.930243,33.4220585,2,2,
789,,-111.9303186,33.4220581,2,2,
790,,-111.9303942,33.4220578,2,2,
791,,-111.9304698,33.4220575,2,2,
792,,-111.9305454,33.4220571,2,2,
793,,-111.930621,33.4220568,2,2,
794,,-111.9306965,33.4220564,2,2,
795,,-111.9307721,33.4220561,2,2,
796,,-111.9308477,33.4220558,2,2,
797,,-111.9309233,33.4220554,2,2,
798,,-111.9309989,33.4220551,2,2,
799,,-111.9310745,33.4220547,2,2,
800,,-111.9311501,33.4220544,2,2,
801,,-111.9312257,33.4220541,2,2,
802,,-111.9313013,33.4220537,2,2,
803,,-111.9313769,33.4220534,2,2,
804,,-111.9314524,33.422053,2,2,
805,,-111.931528,33.4220527,2,2,
806,,-111.9316036,33.4220524,2,2,
807,,-111.9316792,33.422052,2,2,
808,,-111.9317548,33.4220517,2,2,
809,,-111.9318304,33.4220513,2,2,
810,,-111.931906,33.422051,2,2,
811,,-111.9319816,33.4220507,2,2,
812,,-111.9320572,33.4220503,2,2,
813,,-111.9321327,33.42205,2,2,
814,,-111.9322083,33.4220496,2,2,
815,,-111.9322839,33.4220493,2,2,
816,,-111.9323595,33.422049,2,2,
817,,-111.9324351,33.4220486,2,2,
818,,-111.9325107,33.4220483,2,2,
819,2,-111.9325863,33.4220479,2,2,
820,,-111.9264637,33.4221069,2,3,
821,,-111.9265393,33.4221066,2,3,
822,,-111.9266149,33.4221062,2,3,
823,,-111.9266905,33.4221059,2,3,
824,,-111.9267661,33.4221056,2,3,
825,,-111.9268417,33.4221052,2,3,
826,,-111.9269173,33.4221049,2,3,
827,,-111.9269929,33.4221046,2,3,
828,,-111.9270685,33.4221042,2,3,
829,,-111.927144,33.4221039,2,3,
830,,-111.9272196,33.4221036,2,3,
831,,-111.9272952,33.4221032,2,3,
832,,-111.9273708,33.4221029,2,3,
833,,-111.9274464,33.4221025,2,3,
834,,-111.927522,33.4221022,2,3,
835,,-111.9275976,33.4221019,2,3,
836,,-111.9276732,33.4221015,2,3,
837,,-111.9277488,33.4221012,2,3,
838,,-111.9278244,33.4221009,2,3,
839,,-111.9278999,33.4221005,2,3,
840,,-111.9279755,33.4221002,2,3,
841,,-111.9280511,33.4220998,2,3,
842,,-111.9281267,33.4220995,2,3,
843,,-111.9282023,33.4220992,2,3,
844,,-111.9282779,33.4220988,2,3,
845,,-111.9283535,33.4220985,2,3,
846,,-111.9284291,33.4220982,2,3,
847,,-111.9285047,33.4220978,2,3,
848,,-111.9285802,33.4220975,2,3,
849,,-111.9286558,33.4220971,2,3,
850,,-111.9287314,33.4220968,2,3,
851,,-111.928807,33.4220965,2,3,
852,,-111.9288826,33.4220961,2,3,
853,,-111.9289582,33.4220958,2,3,
854,,-111.9290338,33.4220955,2,3,
855,,-111.9291094,33.4220951,2,3,
856,,-111.929185,33.4220948,2,3,
857,,-111.9292606,33.4220944,2,3,
858,,-111.9293361,33.4220941,2,3,
859,,-111.9294117,33.4220938,2,3,
860,,-111.9294873,33.4220934,2,3,
861,,-111.9295629,33.4220931,2,3,
862,,-111.9296385,33.4220927,2,3,
863,,-111.9297141,33.4220924,2,3,
864,,-111.9297897,33.4220921,2,3,
865,,-111.9298653,33.4220917,2,3,
866,,-111.9299409,33.4220914,2,3,
867,,-111.9300164,33.4220911,2,3,
868,,-111.930092,33.4220907,2,3,
869,,-111.9301676,33.4220904,2,3,
870,,-111.9302432,33.42209,2,3,
871,,-111.9303188,33.4220897,2,3,
872,,-111.9303944,33.4220894,2,3,
873,,-111.93047,33.422089,2,3,
874,,-111.9305456,33.4220887,2,3,
875,,-111.9306212,33.4220883,2,3,
876,,-111.9306967,33.422088,2,3,
877,,-111.9307723,33.4220877,2,3,
878,,-111.9308479,33.4220873,2,3,
879,,-111.9309235,33.422087,2,3,
880,,-111.9309991,33.4220866,2,3,
881,,-111.9310747,33.4220863,2,3,
882,,-111.9311503,33.422086,2,3,
883,,-111.9312259,33.4220856,2,3,
884,,-111.9313015,33.4220853,2,3,
885,,-111.9313771,33.422085,2,3,
886,,-111.9314526,33.4220846,2,3,
887,,-111.9315282,33.4220843,2,3,
888,,-111.9316038,33.4220839,2,3,
889,,-111.9316794,33.4220836,2,3,
890,,-111.931755,33.4220833,2,3,
891,,-111.9318306,33.4220829,2,3,
892,,-111.9319062,33.4220826,2,3,
893,,-111.9319818,33.4220822,2,3,
894,,-111.9320574,33.4220819,2,3,
895,,-111.9321329,33.4220816,2,3,
896,,-111.9322085,33.4220812,2,3,
897,,-111.9322841,33.4220809,2,3,
898,,-111.9323597,33.4220805,2,3,
899,,-111.9324353,33.4220802,2,3,
900,,-111.9325109,33.4220799,2,3,
901,2,-111.9325865,33.4220795,2,3,
902,,-111.9264639,33.4221385,2,4,
903,,-111.9265395,33.4221381,2,4,
904,,-111.9266151,33.4221378,2,4,
905,,-111.9266907,33.4221375,2,4,
906,,-111.9267663,33.4221371,2,4,
907,,-111.9268419,33.4221368,2,4,
908,,-111.9269175,33.4221365,2,4,
909,,-111.9269931,33.4221361,2,4,
910,,-111.9270687,33.4221358,2,4,
911,,-111.9271442,33.4221355,2,4,
912,,-111.9272198,33.4221351,2,4,
913,,-111.9272954,33.4221348,2,4,
914,,-111.927371,33.4221344,2,4,
915,,-111.9274466,33.4221341,2,4,
916,,-111.9275222,33.4221338,2,4,
917,,-111.9275978,33.4221334,2,4,
918,,-111.9276734,33.4221331,2,4,
919,,-111.927749,33.4221328,2,4,
920,,-111.9278246,33.4221324,2,4,
921,,-111.9279001,33.4221321,2,4,
922,,-111.9279757,33.4221317,2,4,
923,,-111.9280513,33.4221314,2,4,
924,,-111.9281269,33.4221311,2,4,
925,,-111.9282025,33.4221307,2,4,
926,,-111.9282781,33.4221304,2,4,
927,,-111.9283537,33.4221301,2,4,
928,,-111.9284293,33.4221297,2,4,
929,,-111.9285049,33.4221294,2,4,
930,,-111.9285804,33.422129,2,4,
931,,-111.928656,33.4221287,2,4,
932,,-111.9287316,33.4221284,2,4,
933,,-111.9288072,33.422128,2,4,
934,,-111.9288828,33.4221277,2,4,
935,,-111.9289584,33.4221274,2,4,
936,,-111.929034,33.422127,2,4,
937,,-111.9291096,33.4221267,2,4,
938,,-111.9291852,33.4221263,2,4,
939,,-111.9292608,33.422126,2,4,
940,,-111.9293363,33.4221257,2,4,
941,,-111.9294119,33.4221253,2,4,
942,,-111.9294875,33.422125,2,4,
943,,-111.9295631,33.4221247,2,4,
944,,-111.9296387,33.4221243,2,4,
945,,-111.9297143,33.422124,2,4,
946,,-111.9297899,33.4221236,2,4,
947,,-111.9298655,33.4221233,2,4,
948,,-111.9299411,33.422123,2,4,
949,,-111.9300166,33.4221226,2,4,
950,,-111.9300922,33.4221223,2,4,
951,,-111.9301678,33.4221219,2,4,
952,,-111.9302434,33.4221216,2,4,
953,,-111.930319,33.4221213,2,4,
954,,-111.9303946,33.4221209,2,4,
955,,-111.9304702,33.4221206,2,4,
956,,-111.9305458,33.4221203,2,4,
957,,-111.9306214,33.4221199,2,4,
958,,-111.930697,33.4221196,2,4,
959,,-111.9307725,33.4221192,2,4,
960,,-111.9308481,33.4221189,2,4,
961,,-111.9309237,33.4221186,2,4,
962,,-111.9309993,33.4221182,2,4,
963,,-111.9310749,33.4221179,2,4,
964,,-111.9311505,33.4221175,2,4,
965,,-111.9312261,33.4221172,2,4,
966,,-111.9313017,33.4221169,2,4,
967,,-111.9313773,33.4221165,2,4,
968,,-111.9314528,33.4221162,2,4,
969,,-111.9315284,33.4221158,2,4,
970,,-111.931604,33.4221155,2,4,
971,,-111.9316796,33.4221152,2,4,
972,,-111.9317552,33.4221148,2,4,
973,,-111.9318308,33.4221145,2,4,
974,,-111.9319064,33.4221141,2,4,
975,,-111.931982,33.4221138,2,4,
976,,-111.9320576,33.4221135,2,4,
977,,-111.9321331,33.4221131,2,4,
978,,-111.9322087,33.4221128,2,4,
979,,-111.9322843,33.4221124,2,4,
980,,-111.9323599,33.4221121,2,4,
981,,-111.9324355,33.4221118,2,4,
982,,-111.9325111,33.4221114,2,4,
983,2,-111.9325867,33.4221111,2,4,
984,2,-111.9325857,33.4219532,3,1,
985,,-111.9325101,33.4219536,3,1,
986,,-111.9324345,33.4219539,3,1,
987,,-111.9323589,33.4219543,3,1,
988,,-111.9322833,33.4219546,3,1,
989,,-111.9322077,33.4219549,3,1,
990,,-111.9321321,33.4219553,3,1,
991,,-111.9320565,33.4219556,3,1,
992,,-111.9319809,33.421956,3,1,
993,,-111.9319054,33.4219563,3,1,
994,,-111.9318298,33.4219566,3,1,
995,,-111.9317542,33.421957,3,1,
996,,-111.9316786,33.4219573,3,1,
997,,-111.931603,33.4219577,3,1,
998,,-111.9315274,33.421958,3,1,
999,,-111.9314518,33.4219583,3,1,
1000,,-111.9313762,33.4219587,3,1,
1001,,-111.9313006,33.421959,3,1,
1002,,-111.9312251,33.4219594,3,1,
1003,,-111.9311495,33.4219597,3,1,
1004,,-111.9310739,33.42196,3,1,
1005,,-111.9309983,33.4219604,3,1,
1006,,-111.9309227,33.4219607,3,1,
1007,,-111.9308471,33.4219611,3,1,
1008,,-111.9307715,33.4219614,3,1,
1009,,-111.9306959,33.4219617,3,1,
1010,,-111.9306203,33.4219621,3,1,
1011,,-111.9305447,33.4219624,3,1,
1012,,-111.9304692,33.4219627,3,1,
1013,,-111.9303936,33.4219631,3,1,
1014,,-111.930318,33.4219634,3,1,
1015,,-111.9302424,33.4219638,3,1,
1016,,-111.9301668,33.4219641,3,1,
1017,,-111.9300912,33.4219644,3,1,
1018,,-111.9300156,33.4219648,3,1,
1019,,-111.92994,33.4219651,3,1,
1020,,-111.9298644,33.4219655,3,1,
1021,,-111.9297889,33.4219658,3,1,
1022,,-111.9297133,33.4219661,3,1,
1023,,-111.9296377,33.4219665,3,1,
1024,,-111.9295621,33.4219668,3,1,
1025,,-111.9294865,33.4219671,3,1,
1026,,-111.9294109,33.4219675,3,1,
1027,,-111.9293353,33.4219678,3,1,
1028,,-111.9292597,33.4219682,3,1,
1029,,-111.9291841,33.4219685,3,1,
1030,,-111.9291086,33.4219688,3,1,
1031,,-111.929033,33.4219692,3,1,
1032,,-111.9289574,33.4219695,3,1,
1033,,-111.9288818,33.4219699,3,1,
1034,,-111.9288062,33.4219702,3,1,
1035,,-111.9287306,33.4219705,3,1,
1036,,-111.928655,33.4219709,3,1,
1037,,-111.9285794,33.4219712,3,1,
1038,,-111.9285038,33.4219715,3,1,
1039,,-111.9284282,33.4219719,3,1,
1040,,-111.9283527,33.4219722,3,1,
1041,,-111.9282771,33.4219726,3,1,
1042,,-111.9282015,33.4219729,3,1,
1043,,-111.9281259,33.4219732,3,1,
1044,,-111.9280503,33.4219736,3,1,
1045,,-111.9279747,33.4219739,3,1,
1046,,-111.9278991,33.4219742,3,1,
1047,,-111.9278235,33.4219746,3,1,
1048,,-111.9277479,33.4219749,3,1,
1049,,-111.9276724,33.4219753,3,1,
1050,,-111.9275968,33.4219756,3,1,
1051,,-111.9275212,33.4219759,3,1,
1052,,-111.9274456,33.4219763,3,1,
1053,,-111.92737,33.4219766,3,1,
1054,,-111.9272944,33.4219769,3,1,
1055,,-111.9272188,33.4219773,3,1,
1056,,-111.9271432,33.4219776,3,1,
1057,,-111.9270676,33.4219779,3,1,
1058,,-111.9269921,33.4219783,3,1,
1059,,-111.9269165,33.4219786,3,1,
1060,,-111.9268409,33.421979,3,1,
1061,,-111.9267653,33.4219793,3,1,
1062,,-111.9266897,33.4219796,3,1,
1063,,-111.9266141,33.42198,3,1,
1064,,-111.9265385,33.4219803,3,1,
1065,,-111.9264629,33.4219806,3,1,
1066,2,-111.9325855,33.4219217,3,2,
1067,,-111.9325099,33.421922,3,2,
1068,,-111.9324343,33.4219224,3,2,
1069,,-111.9323587,33.4219227,3,2,
1070,,-111.9322831,33.421923,3,2,
1071,,-111.9322075,33.4219234,3,2,
1072,,-111.9321319,33.4219237,3,2,
1073,,-111.9320563,33.4219241,3,2,
1074,,-111.9319807,33.4219244,3,2,
1075,,-111.9319052,33.4219247,3,2,
1076,,-111.9318296,33.4219251,3,2,
1077,,-111.931754,33.4219254,3,2,
1078,,-111.9316784,33.4219258,3,2,
1079,,-111.9316028,33.4219261,3,2,
1080,,-111.9315272,33.4219264,3,2,
1081,,-111.9314516,33.4219268,3,2,
1082,,-111.931376,33.4219271,3,2,
1083,,-111.9313004,33.4219274,3,2,
1084,,-111.9312249,33.4219278,3,2,
1085,,-111.9311493,33.4219281,3,2,
1086,,-111.9310737,33.4219285,3,2,
1087,,-111.9309981,33.4219288,3,2,
1088,,-111.9309225,33.4219291,3,2,
1089,,-111.9308469,33.4219295,3,2,
1090,,-111.9307713,33.4219298,3,2,
1091,,-111.9306957,33.4219302,3,2,
1092,,-111.9306201,33.4219305,3,2,
1093,,-111.9305445,33.4219308,3,2,
1094,,-111.930469,33.4219312,3,2,
1095,,-111.9303934,33.4219315,3,2,
1096,,-111.9303178,33.4219319,3,2,
1097,,-111.9302422,33.4219322,3,2,
1098,,-111.9301666,33.4219325,3,2,
1099,,-111.930091,33.4219329,3,2,
1100,,-111.9300154,33.4219332,3,2,
1101,,-111.9299398,33.4219335,3,2,
1102,,-111.9298642,33.4219339,3,2,
1103,,-111.9297887,33.4219342,3,2,
1104,,-111.9297131,33.4219346,3,2,
1105,,-111.9296375,33.4219349,3,2,
1106,,-111.9295619,33.4219352,3,2,
1107,,-111.9294863,33.4219356,3,2,
1108,,-111.9294107,33.4219359,3,2,
1109,,-111.9293351,33.4219363,3,2,
1110,,-111.9292595,33.4219366,3,2,
1111,,-111.9291839,33.4219369,3,2,
1112,,-111.9291084,33.4219373,3,2,
1113,,-111.9290328,33.4219376,3,2,
1114,,-111.9289572,33.4219379,3,2,
1115,,-111.9288816,33.4219383,3,2,
1116,,-111.928806,33.4219386,3,2,
1117,,-111.9287304,33.421939,3,2,
1118,,-111.9286548,33.4219393,3,2,
1119,,-111.9285792,33.4219396,3,2,
1120,,-111.9285036,33.42194,3,2,
1121,,-111.928428,33.4219403,3,2,
1122,,-111.9283525,33.4219406,3,2,
1123,,-111.9282769,33.421941,3,2,
1124,,-111.9282013,33.4219413,3,2,
1125,,-111.9281257,33.4219417,3,2,
1126,,-111.9280501,33.421942,3,2,
1127,,-111.9279745,33.4219423,3,2,
1128,,-111.9278989,33.4219427,3,2,
1129,,-111.9278233,33.421943,3,2,
1130,,-111.9277477,33.4219433,3,2,
1131,,-111.9276722,33.4219437,3,2,
1132,,-111.9275966,33.421944,3,2,
1133,,-111.927521,33.4219444,3,2,
1134,,-111.9274454,33.4219447,3,2,
1135,,-111.9273698,33.421945,3,2,
1136,,-111.9272942,33.4219454,3,2,
1137,,-111.9272186,33.4219457,3,2,
1138,,-111.927143,33.421946,3,2,
1139,,-111.9270674,33.4219464,3,2,
1140,,-111.9269919,33.4219467,3,2,
1141,,-111.9269163,33.4219471,3,2,
1142,,-111.9268407,33.4219474,3,2,
1143,,-111.9267651,33.4219477,3,2,
1144,,-111.9266895,33.4219481,3,2,
1145,,-111.9266139,33.4219484,3,2,
1146,,-111.9265383,33.4219487,3,2,
1147,,-111.9264627,33.4219491,3,2,
1148,2,-111.9325853,33.4218901,3,3,
1149,,-111.9325097,33.4218904,3,3,
1150,,-111.9324341,33.4218908,3,3,
1151,,-111.9323585,33.4218911,3,3,
1152,,-111.9322829,33.4218915,3,3,
1153,,-111.9322073,33.4218918,3,3,
1154,,-111.9321317,33.4218921,3,3,
1155,,-111.9320561,33.4218925,3,3,
1156,,-111.9319805,33.4218928,3,3,
1157,,-111.931905,33.4218932,3,3,
1158,,-111.9318294,33.4218935,3,3,
1159,,-111.9317538,33.4218938,3,3,
1160,,-111.9316782,33.4218942,3,3,
1161,,-111.9316026,33.4218945,3,3,
1162,,-111.931527,33.4218949,3,3,
1163,,-111.9314514,33.4218952,3,3,
1164,,-111.9313758,33.4218955,3,3,
1165,,-111.9313002,33.4218959,3,3,
1166,,-111.9312246,33.4218962,3,3,
1167,,-111.9311491,33.4218966,3,3,
1168,,-111.9310735,33.4218969,3,3,
1169,,-111.9309979,33.4218972,3,3,
1170,,-111.9309223,33.4218976,3,3,
1171,,-111.9308467,33.4218979,3,3,
1172,,-111.9307711,33.4218983,3,3,
1173,,-111.9306955,33.4218986,3,3,
1174,,-111.9306199,33.4218989,3,3,
1175,,-111.9305443,33.4218993,3,3,
1176,,-111.9304688,33.4218996,3,3,
1177,,-111.9303932,33.4218999,3,3,
1178,,-111.9303176,33.4219003,3,3,
1179,,-111.930242,33.4219006,3,3,
1180,,-111.9301664,33.421901,3,3,
1181,,-111.9300908,33.4219013,3,3,
1182,,-111.9300152,33.4219016,3,3,
1183,,-111.9299396,33.421902,3,3,
1184,,-111.929864,33.4219023,3,3,
1185,,-111.9297885,33.4219027,3,3,
1186,,-111.9297129,33.421903,3,3,
1187,,-111.9296373,33.4219033,3,3,
1188,,-111.9295617,33.4219037,3,3,
1189,,-111.9294861,33.421904,3,3,
1190,,-111.9294105,33.4219043,3,3,
1191,,-111.9293349,33.4219047,3,3,
1192,,-111.9292593,33.421905,3,3,
1193,,-111.9291837,33.4219054,3,3,
1194,,-111.9291082,33.4219057,3,3,
1195,,-111.9290326,33.421906,3,3,
1196,,-111.928957,33.4219064,3,3,
1197,,-111.9288814,33.4219067,3,3,
1198,,-111.9288058,33.4219071,3,3,
1199,,-111.9287302,33.4219074,3,3,
1200,,-111.9286546,33.4219077,3,3,
1201,,-111.928579,33.4219081,3,3,
1202,,-111.9285034,33.4219084,3,3,
1203,,-111.9284278,33.4219087,3,3,
1204,,-111.9283523,33.4219091,3,3,
1205,,-111.9282767,33.4219094,3,3,
1206,,-111.9282011,33.4219098,3,3,
1207,,-111.9281255,33.4219101,3,3,
1208,,-111.9280499,33.4219104,3,3,
1209,,-111.9279743,33.4219108,3,3,
1210,,-111.9278987,33.4219111,3,3,
1211,,-111.9278231,33.4219114,3,3,
1212,,-111.9277475,33.4219118,3,3,
1213,,-111.927672,33.4219121,3,3,
1214,,-111.9275964,33.4219125,3,3,
1215,,-111.9275208,33.4219128,3,3,
1216,,-111.9274452,33.4219131,3,3,
1217,,-111.9273696,33.4219135,3,3,
1218,,-111.927294,33.4219138,3,3,
1219,,-111.9272184,33.4219141,3,3,
1220,,-111.9271428,33.4219145,3,3,
1221,,-111.9270672,33.4219148,3,3,
1222,,-111.9269917,33.4219151,3,3,
1223,,-111.9269161,33.4219155,3,3,
1224,,-111.9268405,33.4219158,3,3,
1225,,-111.9267649,33.4219162,3,3,
1226,,-111.9266893,33.4219165,3,3,
1227,,-111.9266137,33.4219168,3,3,
1228,,-111.9265381,33.4219172,3,3,
1229,,-111.9264625,33.4219175,3,3,
1230,2,-111.9325851,33.4218585,3,4,
1231,,-111.9325095,33.4218589,3,4,
1232,,-111.9324339,33.4218592,3,4,
1233,,-111.9323583,33.4218596,3,4,
1234,,-111.9322827,33.4218599,3,4,
1235,,-111.9322071,33.4218602,3,4,
1236,,-111.9321315,33.4218606,3,4,
1237,,-111.9320559,33.4218609,3,4,
1238,,-111.9319803,33.4218613,3,4,
1239,,-111.9319048,33.4218616,3,4,
1240,,-111.9318292,33.4218619,3,4,
1241,,-111.9317536,33.4218623,3,4,
1242,,-111.931678,33.4218626,3,4,
1243,,-111.9316024,33.421863,3,4,
1244,,-111.9315268,33.4218633,3,4,
1245,,-111.9314512,33.4218636,3,4,
1246,,-111.9313756,33.421864,3,4,
1247,,-111.9313,33.4218643,3,4,
1248,,-111.9312244,33.4218646,3,4,
1249,,-111.9311489,33.421865,3,4,
1250,,-111.9310733,33.4218653,3,4,
1251,,-111.9309977,33.4218657,3,4,
1252,,-111.9309221,33.421866,3,4,
1253,,-111.9308465,33.4218663,3,4,
1254,,-111.9307709,33.4218667,3,4,
1255,,-111.9306953,33.421867,3,4,
1256,,-111.9306197,33.4218674,3,4,
1257,,-111.9305441,33.4218677,3,4,
1258,,-111.9304686,33.421868,3,4,
1259,,-111.930393,33.4218684,3,4,
1260,,-111.9303174,33.4218687,3,4,
1261,,-111.9302418,33.4218691,3,4,
1262,,-111.9301662,33.4218694,3,4,
1263,,-111.9300906,33.4218697,3,4,
1264,,-111.930015,33.4218701,3,4,
1265,,-111.9299394,33.4218704,3,4,
1266,,-111.9298638,33.4218708,3,4,
1267,,-111.9297883,33.4218711,3,4,
1268,,-111.9297127,33.4218714,3,4,
1269,,-111.9296371,33.4218718,3,4,
1270,,-111.9295615,33.4218721,3,4,
1271,,-111.9294859,33.4218724,3,4,
1272,,-111.9294103,33.4218728,3,4,
1273,,-111.9293347,33.4218731,3,4,
1274,,-111.9292591,33.4218735,3,4,
1275,,-111.9291835,33.4218738,3,4,
1276,,-111.929108,33.4218741,3,4,
1277,,-111.9290324,33.4218745,3,4,
1278,,-111.9289568,33.4218748,3,4,
1279,,-111.9288812,33.4218751,3,4,
1280,,-111.9288056,33.4218755,3,4,
1281,,-111.92873,33.4218758,3,4,
1282,,-111.9286544,33.4218762,3,4,
1283,,-111.9285788,33.4218765,3,4,
1284,,-111.9285032,33.4218768,3,4,
1285,,-111.9284276,33.4218772,3,4,
1286,,-111.9283521,33.4218775,3,4,
1287,,-111.9282765,33.4218778,3,4,
1288,,-111.9282009,33.4218782,3,4,
1289,,-111.9281253,33.4218785,3,4,
1290,,-111.9280497,33.4218789,3,4,
1291,,-111.9279741,33.4218792,3,4,
1292,,-111.9278985,33.4218795,3,4,
1293,,-111.9278229,33.4218799,3,4,
1294,,-111.9277473,33.4218802,3,4,
1295,,-111.9276718,33.4218805,3,4,
1296,,-111.9275962,33.4218809,3,4,
1297,,-111.9275206,33.4218812,3,4,
1298,,-111.927445,33.4218816,3,4,
1299,,-111.9273694,33.4218819,3,4,
1300,,-111.9272938,33.4218822,3,4,
1301,,-111.9272182,33.4218826,3,4,
1302,,-111.9271426,33.4218829,3,4,
1303,,-111.927067,33.4218832,3,4,
1304,,-111.9269915,33.4218836,3,4,
1305,,-111.9269159,33.4218839,3,4,
1306,,-111.9268403,33.4218843,3,4,
1307,,-111.9267647,33.4218846,3,4,
1308,,-111.9266891,33.4218849,3,4,
1309,,-111.9266135,33.4218853,3,4,
1310,,-111.9265379,33.4218856,3,4,
1311,,-111.9264623,33.4218859,3,4,
1312,,-111.9262532,33.4221392,4,1,
1313,,-111.9262531,33.4222027,4,1,
1314,,-111.926253,33.4222662,4,1,
1315,,-111.9262529,33.4223297,4,1,
1316,,-111.9262528,33.4223933,4,1,
1317,,-111.9262527,33.4224568,4,1,
1318,,-111.9262525,33.4225203,4,1,
1319,,-111.9262524,33.4225838,4,1,
1320,,-111.9262523,33.4226473,4,1,
1321,,-111.9262522,33.4227108,4,1,
1322,,-111.9262521,33.4227743,4,1,
1323,,-111.926252,33.4228378,4,1,
1324,,-111.9262519,33.4229014,4,1,
1325,,-111.9262518,33.4229649,4,1,
1326,,-111.9262517,33.4230284,4,1,
1327,,-111.9262516,33.4230919,4,1,
1328,,-111.9262515,33.4231554,4,1,
1329,,-111.9262514,33.4232189,4,1,
1330,,-111.9262513,33.4232824,4,1,
1331,,-111.9262512,33.4233459,4,1,
1332,,-111.9262511,33.4234095,4,1,
1333,,-111.926251,33.423473,4,1,
1334,,-111.9262508,33.4235365,4,1,
1335,,-111.9262507,33.4236,4,1,
1336,,-111.9262506,33.4236635,4,1,
1337,,-111.9262505,33.423727,4,1,
1338,,-111.9262504,33.4237905,4,1,
1339,,-111.9262503,33.423854,4,1,
1340,,-111.9262502,33.4239176,4,1,
1341,,-111.9262501,33.4239811,4,1,
1342,,-111.92625,33.4240446,4,1,
1343,,-111.9262499,33.4241081,4,1,
1344,,-111.9262498,33.4241716,4,1,
1345,,-111.9262497,33.4242351,4,1,
1346,,-111.9262496,33.4242986,4,1,
1347,,-111.9262495,33.4243621,4,1,
1348,,-111.9262494,33.4244257,4,1,
1349,,-111.9262493,33.4244892,4,1,
1350,,-111.9262491,33.4245527,4,1,
1351,,-111.926249,33.4246162,4,1,
1352,,-111.9262489,33.4246797,4,1,
1353,,-111.9262488,33.4247432,4,1,
1354,,-111.9262487,33.4248067,4,1,
1355,,-111.9262486,33.4248702,4,1,
1356,,-111.9262485,33.4249338,4,1,
1357,,-111.9262484,33.4249973,4,1,
1358,,-111.9262483,33.4250608,4,1,
1359,,-111.9262482,33.4251243,4,1,
1360,,-111.9262481,33.4251878,4,1,
1361,,-111.926248,33.4252513,4,1,
1362,,-111.9262479,33.4253148,4,1,
1363,,-111.9262478,33.4253783,4,1,
1364,,-111.9262477,33.4254419,4,1,
1365,,-111.9262475,33.4255054,4,1,
1366,,-111.9262474,33.4255689,4,1,
1367,,-111.9262473,33.4256324,4,1,
1368,,-111.9262472,33.4256959,4,1,
1369,,-111.9262471,33.4257594,4,1,
1370,,-111.926247,33.4258229,4,1,
1371,,-111.9262469,33.4258864,4,1,
1372,,-111.9262468,33.42595,4,1,
1373,,-111.9262467,33.4260135,4,1,
1374,,-111.9262466,33.426077,4,1,
1375,,-111.9262465,33.4261405,4,1,
1376,,-111.9262464,33.426204,4,1,
1377,,-111.9262463,33.4262675,4,1,
1378,,-111.9262462,33.426331,4,1,
1379,,-111.9262461,33.4263945,4,1,
1380,,-111.926246,33.4264581,4,1,
1381,,-111.9262458,33.4265216,4,1,
1382,,-111.9262457,33.4265851,4,1,
1383,,-111.9262456,33.4266486,4,1,
1384,,-111.9262455,33.4267121,4,1,
1385,,-111.9262454,33.4267756,4,1,
1386,,-111.9262453,33.4268391,4,1,
1387,,-111.9262452,33.4269026,4,1,
1388,,-111.9262451,33.4269662,4,1,
1389,,-111.926245,33.4270297,4,1,
1390,,-111.9262449,33.4270932,4,1,
1391,,-111.9262448,33.4271567,4,1,
1392,,-111.9262447,33.4272202,4,1,
1393,3,-111.9262446,33.4272837,4,1,
1394,,-111.9262155,33.4221392,4,2,
1395,,-111.9262154,33.4222027,4,2,
1396,,-111.9262153,33.4222662,4,2,
1397,,-111.9262152,33.4223297,4,2,
1398,,-111.9262151,33.4223932,4,2,
1399,,-111.926215,33.4224567,4,2,
1400,,-111.9262149,33.4225202,4,2,
1401,,-111.9262148,33.4225838,4,2,
1402,,-111.9262147,33.4226473,4,2,
1403,,-111.9262146,33.4227108,4,2,
1404,,-111.9262145,33.4227743,4,2,
1405,,-111.9262144,33.4228378,4,2,
1406,,-111.9262143,33.4229013,4,2,
1407,,-111.9262142,33.4229648,4,2,
1408,,-111.9262141,33.4230283,4,2,
1409,,-111.9262139,33.4230919,4,2,
1410,,-111.9262138,33.4231554,4,2,
1411,,-111.9262137,33.4232189,4,2,
1412,,-111.9262136,33.4232824,4,2,
1413,,-111.9262135,33.4233459,4,2,
1414,,-111.9262134,33.4234094,4,2,
1415,,-111.9262133,33.4234729,4,2,
1416,,-111.9262132,33.4235364,4,2,
1417,,-111.9262131,33.4236,4,2,
1418,,-111.926213,33.4236635,4,2,
1419,,-111.9262129,33.423727,4,2,
1420,,-111.9262128,33.4237905,4,2,
1421,,-111.9262127,33.423854,4,2,
1422,,-111.9262126,33.4239175,4,2,
1423,,-111.9262125,33.423981,4,2,
1424,,-111.9262123,33.4240445,4,2,
1425,,-111.9262122,33.4241081,4,2,
1426,,-111.9262121,33.4241716,4,2,
1427,,-111.926212,33.4242351,4,2,
1428,,-111.9262119,33.4242986,4,2,
1429,,-111.9262118,33.4243621,4,2,
1430,,-111.9262117,33.4244256,4,2,
1431,,-111.9262116,33.4244891,4,2,
1432,,-111.9262115,33.4245526,4,2,
1433,,-111.9262114,33.4246161,4,2,
1434,,-111.9262113,33.4246797,4,2,
1435,,-111.9262112,33.4247432,4,2,
1436,,-111.9262111,33.4248067,4,2,
1437,,-111.926211,33.4248702,4,2,
1438,,-111.9262109,33.4249337,4,2,
1439,,-111.9262108,33.4249972,4,2,
1440,,-111.9262106,33.4250607,4,2,
1441,,-111.9262105,33.4251242,4,2,
1442,,-111.9262104,33.4251878,4,2,
1443,,-111.9262103,33.4252513,4,2,
1444,,-111.9262102,33.4253148,4,2,
1445,,-111.9262101,33.4253783,4,2,
1446,,-111.92621,33.4254418,4,2,
1447,,-111.9262099,33.4255053,4,2,
1448,,-111.9262098,33.4255688,4,2,
1449,,-111.9262097,33.4256323,4,2,
1450,,-111.9262096,33.4256959,4,2,
1451,,-111.9262095,33.4257594,4,2,
1452,,-111.9262094,33.4258229,4,2,
1453,,-111.9262093,33.4258864,4,2,
1454,,-111.9262092,33.4259499,4,2,
1455,,-111.9262091,33.4260134,4,2,
1456,,-111.9262089,33.4260769,4,2,
1457,,-111.9262088,33.4261404,4,2,
1458,,-111.9262087,33.426204,4,2,
1459,,-111.9262086,33.4262675,4,2,
1460,,-111.9262085,33.426331,4,2,
1461,,-111.9262084,33.4263945,4,2,
1462,,-111.9262083,33.426458,4,2,
1463,,-111.9262082,33.4265215,4,2,
1464,,-111.9262081,33.426585,4,2,
1465,,-111.926208,33.4266485,4,2,
1466,,-111.9262079,33.4267121,4,2,
1467,,-111.9262078,33.4267756,4,2,
1468,,-111.9262077,33.4268391,4,2,
1469,,-111.9262076,33.4269026,4,2,
1470,,-111.9262075,33.4269661,4,2,
1471,,-111.9262073,33.4270296,4,2,
1472,,-111.9262072,33.4270931,4,2,
1473,,-111.9262071,33.4271566,4,2,
1474,,-111.926207,33.4272202,4,2,
1475,3,-111.9262069,33.4272837,4,2,
1476,,-111.9261779,33.4221391,4,3,
1477,,-111.9261778,33.4222026,4,3,
1478,,-111.9261777,33.4222661,4,3,
1479,,-111.9261776,33.4223297,4,3,
1480,,-111.9261775,33.4223932,4,3,
1481,,-111.9261774,33.4224567,4,3,
1482,,-111.9261773,33.4225202,4,3,
1483,,-111.9261771,33.4225837,4,3,
1484,,-111.926177,33.4226472,4,3,
1485,,-111.9261769,33.4227107,4,3,
1486,,-111.9261768,33.4227742,4,3,
1487,,-111.9261767,33.4228378,4,3,
1488,,-111.9261766,33.4229013,4,3,
1489,,-111.9261765,33.4229648,4,3,
1490,,-111.9261764,33.4230283,4,3,
1491,,-111.9261763,33.4230918,4,3,
1492,,-111.9261762,33.4231553,4,3,
1493,,-111.9261761,33.4232188,4,3,
1494,,-111.926176,33.4232823,4,3,
1495,,-111.9261759,33.4233459,4,3,
1496,,-111.9261758,33.4234094,4,3,
1497,,-111.9261757,33.4234729,4,3,
1498,,-111.9261756,33.4235364,4,3,
1499,,-111.9261754,33.4235999,4,3,
1500,,-111.9261753,33.4236634,4,3,
1501,,-111.9261752,33.4237269,4,3,
1502,,-111.9261751,33.4237904,4,3,
1503,,-111.926175,33.423854,4,3,
1504,,-111.9261749,33.4239175,4,3,
1505,,-111.9261748,33.423981,4,3,
1506,,-111.9261747,33.4240445,4,3,
1507,,-111.9261746,33.424108,4,3,
1508,,-111.9261745,33.4241715,4,3,
1509,,-111.9261744,33.424235,4,3,
1510,,-111.9261743,33.4242985,4,3,
1511,,-111.9261742,33.4243621,4,3,
1512,,-111.9261741,33.4244256,4,3,
1513,,-111.926174,33.4244891,4,3,
1514,,-111.9261738,33.4245526,4,3,
1515,,-111.9261737,33.4246161,4,3,
1516,,-111.9261736,33.4246796,4,3,
1517,,-111.9261735,33.4247431,4,3,
1518,,-111.9261734,33.4248066,4,3,
1519,,-111.9261733,33.4248702,4,3,
1520,,-111.9261732,33.4249337,4,3,
1521,,-111.9261731,33.4249972,4,3,
1522,,-111.926173,33.4250607,4,3,
1523,,-111.9261729,33.4251242,4,3,
1524,,-111.9261728,33.4251877,4,3,
1525,,-111.9261727,33.4252512,4,3,
1526,,-111.9261726,33.4253147,4,3,
1527,,-111.9261725,33.4253783,4,3,
1528,,-111.9261724,33.4254418,4,3,
1529,,-111.9261723,33.4255053,4,3,
1530,,-111.9261721,33.4255688,4,3,
1531,,-111.926172,33.4256323,4,3,
1532,,-111.9261719,33.4256958,4,3,
1533,,-111.9261718,33.4257593,4,3,
1534,,-111.9261717,33.4258228,4,3,
1535,,-111.9261716,33.4258864,4,3,
1536,,-111.9261715,33.4259499,4,3,
1537,,-111.9261714,33.4260134,4,3,
1538,,-111.9261713,33.4260769,4,3,
1539,,-111.9261712,33.4261404,4,3,
1540,,-111.9261711,33.4262039,4,3,
1541,,-111.926171,33.4262674,4,3,
1542,,-111.9261709,33.4263309,4,3,
1543,,-111.9261708,33.4263945,4,3,
1544,,-111.9261707,33.426458,4,3,
1545,,-111.9261705,33.4265215,4,3,
1546,,-111.9261704,33.426585,4,3,
1547,,-111.9261703,33.4266485,4,3,
1548,,-111.9261702,33.426712,4,3,
1549,,-111.9261701,33.4267755,4,3,
1550,,-111.92617,33.426839,4,3,
1551,,-111.9261699,33.4269026,4,3,
1552,,-111.9261698,33.4269661,4,3,
1553,,-111.9261697,33.4270296,4,3,
1554,,-111.9261696,33.4270931,4,3,
1555,,-111.9261695,33.4271566,4,3,
1556,,-111.9261694,33.4272201,4,3,
1557,3,-111.9261693,33.4272836,4,3,
1558,3,-111.9263199,33.4272838,5,1,
1559,,-111.92632,33.4272203,5,1,
1560,,-111.9263201,33.4271568,5,1,
1561,,-111.9263202,33.4270933,5,1,
1562,,-111.9263203,33.4270298,5,1,
1563,,-111.9263204,33.4269662,5,1,
1564,,-111.9263205,33.4269027,5,1,
1565,,-111.9263206,33.4268392,5,1,
1566,,-111.9263207,33.4267757,5,1,
1567,,-111.9263208,33.4267122,5,1,
1568,,-111.9263209,33.4266487,5,1,
1569,,-111.926321,33.4265852,5,1,
1570,,-111.9263211,33.4265217,5,1,
1571,,-111.9263213,33.4264581,5,1,
1572,,-111.9263214,33.4263946,5,1,
1573,,-111.9263215,33.4263311,5,1,
1574,,-111.9263216,33.4262676,5,1,
1575,,-111.9263217,33.4262041,5,1,
1576,,-111.9263218,33.4261406,5,1,
1577,,-111.9263219,33.4260771,5,1,
1578,,-111.926322,33.4260136,5,1,
1579,,-111.9263221,33.42595,5,1,
1580,,-111.9263222,33.4258865,5,1,
1581,,-111.9263223,33.425823,5,1,
1582,,-111.9263224,33.4257595,5,1,
1583,,-111.9263225,33.425696,5,1,
1584,,-111.9263226,33.4256325,5,1,
1585,,-111.9263227,33.425569,5,1,
1586,,-111.9263228,33.4255055,5,1,
1587,,-111.926323,33.4254419,5,1,
1588,,-111.9263231,33.4253784,5,1,
1589,,-111.9263232,33.4253149,5,1,
1590,,-111.9263233,33.4252514,5,1,
1591,,-111.9263234,33.4251879,5,1,
1592,,-111.9263235,33.4251244,5,1,
1593,,-111.9263236,33.4250609,5,1,
1594,,-111.9263237,33.4249974,5,1,
1595,,-111.9263238,33.4249339,5,1,
1596,,-111.9263239,33.4248703,5,1,
1597,,-111.926324,33.4248068,5,1,
1598,,-111.9263241,33.4247433,5,1,
1599,,-111.9263242,33.4246798,5,1,
1600,,-111.9263243,33.4246163,5,1,
1601,,-111.9263244,33.4245528,5,1,
1602,,-111.9263245,33.4244893,5,1,
1603,,-111.9263247,33.4244258,5,1,
1604,,-111.9263248,33.4243622,5,1,
1605,,-111.9263249,33.4242987,5,1,
1606,,-111.926325,33.4242352,5,1,
1607,,-111.9263251,33.4241717,5,1,
1608,,-111.9263252,33.4241082,5,1,
1609,,-111.9263253,33.4240447,5,1,
1610,,-111.9263254,33.4239812,5,1,
1611,,-111.9263255,33.4239177,5,1,
1612,,-111.9263256,33.4238541,5,1,
1613,,-111.9263257,33.4237906,5,1,
1614,,-111.9263258,33.4237271,5,1,
1615,,-111.9263259,33.4236636,5,1,
1616,,-111.926326,33.4236001,5,1,
1617,,-111.9263261,33.4235366,5,1,
1618,,-111.9263262,33.4234731,5,1,
1619,,-111.9263264,33.4234096,5,1,
1620,,-111.9263265,33.423346,5,1,
1621,,-111.9263266,33.4232825,5,1,
1622,,-111.9263267,33.423219,5,1,
1623,,-111.9263268,33.4231555,5,1,
1624,,-111.9263269,33.423092,5,1,
1625,,-111.926327,33.4230285,5,1,
1626,,-111.9263271,33.422965,5,1,
1627,,-111.9263272,33.4229015,5,1,
1628,,-111.9263273,33.4228379,5,1,
1629,,-111.9263274,33.4227744,5,1,
1630,,-111.9263275,33.4227109,5,1,
1631,,-111.9263276,33.4226474,5,1,
1632,,-111.9263277,33.4225839,5,1,
1633,,-111.9263278,33.4225204,5,1,
1634,,-111.9263279,33.4224569,5,1,
1635,,-111.9263281,33.4223934,5,1,
1636,,-111.9263282,33.4223298,5,1,
1637,,-111.9263283,33.4222663,5,1,
1638,,-111.9263284,33.4222028,5,1,
1639,,-111.9263285,33.4221393,5,1,
1640,3,-111.9263575,33.4272839,5,2,
1641,,-111.9263576,33.4272203,5,2,
1642,,-111.9263577,33.4271568,5,2,
1643,,-111.9263578,33.4270933,5,2,
1644,,-111.9263579,33.4270298,5,2,
1645,,-111.9263581,33.4269663,5,2,
1646,,-111.9263582,33.4269028,5,2,
1647,,-111.9263583,33.4268393,5,2,
1648,,-111.9263584,33.4267758,5,2,
1649,,-111.9263585,33.4267122,5,2,
1650,,-111.9263586,33.4266487,5,2,
1651,,-111.9263587,33.4265852,5,2,
1652,,-111.9263588,33.4265217,5,2,
1653,,-111.9263589,33.4264582,5,2,
1654,,-111.926359,33.4263947,5,2,
1655,,-111.9263591,33.4263312,5,2,
1656,,-111.9263592,33.4262677,5,2,
1657,,-111.9263593,33.4262041,5,2,
1658,,-111.9263594,33.4261406,5,2,
1659,,-111.9263595,33.4260771,5,2,
1660,,-111.9263596,33.4260136,5,2,
1661,,-111.9263598,33.4259501,5,2,
1662,,-111.9263599,33.4258866,5,2,
1663,,-111.92636,33.4258231,5,2,
1664,,-111.9263601,33.4257596,5,2,
1665,,-111.9263602,33.425696,5,2,
1666,,-111.9263603,33.4256325,5,2,
1667,,-111.9263604,33.425569,5,2,
1668,,-111.9263605,33.4255055,5,2,
1669,,-111.9263606,33.425442,5,2,
1670,,-111.9263607,33.4253785,5,2,
1671,,-111.9263608,33.425315,5,2,
1672,,-111.9263609,33.4252515,5,2,
1673,,-111.926361,33.4251879,5,2,
1674,,-111.9263611,33.4251244,5,2,
1675,,-111.9263612,33.4250609,5,2,
1676,,-111.9263613,33.4249974,5,2,
1677,,-111.9263615,33.4249339,5,2,
1678,,-111.9263616,33.4248704,5,2,
1679,,-111.9263617,33.4248069,5,2,
1680,,-111.9263618,33.4247434,5,2,
1681,,-111.9263619,33.4246798,5,2,
1682,,-111.926362,33.4246163,5,2,
1683,,-111.9263621,33.4245528,5,2,
1684,,-111.9263622,33.4244893,5,2,
1685,,-111.9263623,33.4244258,5,2,
1686,,-111.9263624,33.4243623,5,2,
1687,,-111.9263625,33.4242988,5,2,
1688,,-111.9263626,33.4242353,5,2,
1689,,-111.9263627,33.4241717,5,2,
1690,,-111.9263628,33.4241082,5,2,
1691,,-111.9263629,33.4240447,5,2,
1692,,-111.926363,33.4239812,5,2,
1693,,-111.9263632,33.4239177,5,2,
1694,,-111.9263633,33.4238542,5,2,
1695,,-111.9263634,33.4237907,5,2,
1696,,-111.9263635,33.4237272,5,2,
1697,,-111.9263636,33.4236636,5,2,
1698,,-111.9263637,33.4236001,5,2,
1699,,-111.9263638,33.4235366,5,2,
1700,,-111.9263639,33.4234731,5,2,
1701,,-111.926364,33.4234096,5,2,
1702,,-111.9263641,33.4233461,5,2,
1703,,-111.9263642,33.4232826,5,2,
1704,,-111.9263643,33.4232191,5,2,
1705,,-111.9263644,33.4231555,5,2,
1706,,-111.9263645,33.423092,5,2,
1707,,-111.9263646,33.4230285,5,2,
1708,,-111.9263647,33.422965,5,2,
1709,,-111.9263649,33.4229015,5,2,
1710,,-111.926365,33.422838,5,2,
1711,,-111.9263651,33.4227745,5,2,
1712,,-111.9263652,33.422711,5,2,
1713,,-111.9263653,33.4226474,5,2,
1714,,-111.9263654,33.4225839,5,2,
1715,,-111.9263655,33.4225204,5,2,
1716,,-111.9263656,33.4224569,5,2,
1717,,-111.9263657,33.4223934,5,2,
1718,,-111.9263658,33.4223299,5,2,
1719,,-111.9263659,33.4222664,5,2,
1720,,-111.926366,33.4222029,5,2,
1721,,-111.9263661,33.4221393,5,2,
1722,3,-111.9263952,33.4272839,5,3,
1723,,-111.9263953,33.4272204,5,3,
1724,,-111.9263954,33.4271569,5,3,
1725,,-111.9263955,33.4270934,5,3,
1726,,-111.9263956,33.4270298,5,3,
1727,,-111.9263957,33.4269663,5,3,
1728,,-111.9263958,33.4269028,5,3,
1729,,-111.9263959,33.4268393,5,3,
1730,,-111.926396,33.4267758,5,3,
1731,,-111.9263961,33.4267123,5,3,
1732,,-111.9263962,33.4266488,5,3,
1733,,-111.9263963,33.4265853,5,3,
1734,,-111.9263964,33.4265217,5,3,
1735,,-111.9263966,33.4264582,5,3,
1736,,-111.9263967,33.4263947,5,3,
1737,,-111.9263968,33.4263312,5,3,
1738,,-111.9263969,33.4262677,5,3,
1739,,-111.926397,33.4262042,5,3,
1740,,-111.9263971,33.4261407,5,3,
1741,,-111.9263972,33.4260772,5,3,
1742,,-111.9263973,33.4260136,5,3,
1743,,-111.9263974,33.4259501,5,3,
1744,,-111.9263975,33.4258866,5,3,
1745,,-111.9263976,33.4258231,5,3,
1746,,-111.9263977,33.4257596,5,3,
1747,,-111.9263978,33.4256961,5,3,
1748,,-111.9263979,33.4256326,5,3,
1749,,-111.926398,33.4255691,5,3,
1750,,-111.9263981,33.4255056,5,3,
1751,,-111.9263983,33.425442,5,3,
1752,,-111.9263984,33.4253785,5,3,
1753,,-111.9263985,33.425315,5,3,
1754,,-111.9263986,33.4252515,5,3,
1755,,-111.9263987,33.425188,5,3,
1756,,-111.9263988,33.4251245,5,3,
1757,,-111.9263989,33.425061,5,3,
1758,,-111.926399,33.4249975,5,3,
1759,,-111.9263991,33.4249339,5,3,
1760,,-111.9263992,33.4248704,5,3,
1761,,-111.9263993,33.4248069,5,3,
1762,,-111.9263994,33.4247434,5,3,
1763,,-111.9263995,33.4246799,5,3,
1764,,-111.9263996,33.4246164,5,3,
1765,,-111.9263997,33.4245529,5,3,
1766,,-111.9263998,33.4244894,5,3,
1767,,-111.9264,33.4244258,5,3,
1768,,-111.9264001,33.4243623,5,3,
1769,,-111.9264002,33.4242988,5,3,
1770,,-111.9264003,33.4242353,5,3,
1771,,-111.9264004,33.4241718,5,3,
1772,,-111.9264005,33.4241083,5,3,
1773,,-111.9264006,33.4240448,5,3,
1774,,-111.9264007,33.4239813,5,3,
1775,,-111.9264008,33.4239177,5,3,
1776,,-111.9264009,33.4238542,5,3,
1777,,-111.926401,33.4237907,5,3,
1778,,-111.9264011,33.4237272,5,3,
1779,,-111.9264012,33.4236637,5,3,
1780,,-111.9264013,33.4236002,5,3,
1781,,-111.9264014,33.4235367,5,3,
1782,,-111.9264015,33.4234732,5,3,
1783,,-111.9264017,33.4234096,5,3,
1784,,-111.9264018,33.4233461,5,3,
1785,,-111.9264019,33.4232826,5,3,
1786,,-111.926402,33.4232191,5,3,
1787,,-111.9264021,33.4231556,5,3,
1788,,-111.9264022,33.4230921,5,3,
1789,,-111.9264023,33.4230286,5,3,
1790,,-111.9264024,33.4229651,5,3,
1791,,-111.9264025,33.4229015,5,3,
1792,,-111.9264026,33.422838,5,3,
1793,,-111.9264027,33.4227745,5,3,
1794,,-111.9264028,33.422711,5,3,
1795,,-111.9264029,33.4226475,5,3,
1796,,-111.926403,33.422584,5,3,
1797,,-111.9264031,33.4225205,5,3,
1798,,-111.9264032,33.422457,5,3,
1799,,-111.9264034,33.4223934,5,3,
1800,,-111.9264035,33.4223299,5,3,
1801,,-111.9264036,33.4222664,5,3,
1802,,-111.9264037,33.4222029,5,3,
1803,,-111.9264038,33.4221394,5,3,
1804,,-111.9263287,33.4218867,6,1,
1805,,-111.9263287,33.4218232,6,1,
1806,,-111.9263286,33.4217597,6,1,
1807,,-111.9263286,33.4216962,6,1,
1808,,-111.9263286,33.4216327,6,1,
1809,,-111.9263286,33.4215693,6,1,
1810,,-111.9263286,33.4215058,6,1,
1811,,-111.9263286,33.4214423,6,1,
1812,,-111.9263286,33.4213788,6,1,
1813,,-111.9263286,33.4213153,6,1,
1814,,-111.9263285,33.4212518,6,1,
1815,,-111.9263285,33.4211883,6,1,
1816,,-111.9263285,33.4211249,6,1,
1817,,-111.9263285,33.4210614,6,1,
1818,,-111.9263285,33.4209979,6,1,
1819,,-111.9263285,33.4209344,6,1,
1820,,-111.9263285,33.4208709,6,1,
1821,,-111.9263285,33.4208074,6,1,
1822,,-111.9263284,33.4207439,6,1,
1823,,-111.9263284,33.4206804,6,1,
1824,,-111.9263284,33.420617,6,1,
1825,,-111.9263284,33.4205535,6,1,
1826,,-111.9263284,33.42049,6,1,
1827,,-111.9263284,33.4204265,6,1,
1828,,-111.9263284,33.420363,6,1,
1829,,-111.9263284,33.4202995,6,1,
1830,,-111.9263283,33.420236,6,1,
1831,,-111.9263283,33.4201725,6,1,
1832,,-111.9263283,33.4201091,6,1,
1833,,-111.9263283,33.4200456,6,1,
1834,,-111.9263283,33.4199821,6,1,
1835,,-111.9263283,33.4199186,6,1,
1836,,-111.9263283,33.4198551,6,1,
1837,,-111.9263282,33.4197916,6,1,
1838,,-111.9263282,33.4197281,6,1,
1839,,-111.9263282,33.4196647,6,1,
1840,,-111.9263282,33.4196012,6,1,
1841,,-111.9263282,33.4195377,6,1,
1842,,-111.9263282,33.4194742,6,1,
1843,,-111.9263282,33.4194107,6,1,
1844,,-111.9263282,33.4193472,6,1,
1845,,-111.9263281,33.4192837,6,1,
1846,,-111.9263281,33.4192202,6,1,
1847,,-111.9263281,33.4191568,6,1,
1848,,-111.9263281,33.4190933,6,1,
1849,,-111.9263281,33.4190298,6,1,
1850,,-111.9263281,33.4189663,6,1,
1851,,-111.9263281,33.4189028,6,1,
1852,,-111.9263281,33.4188393,6,1,
1853,,-111.926328,33.4187758,6,1,
1854,,-111.926328,33.4187123,6,1,
1855,,-111.926328,33.4186489,6,1,
1856,,-111.926328,33.4185854,6,1,
1857,,-111.926328,33.4185219,6,1,
1858,,-111.926328,33.4184584,6,1,
1859,,-111.926328,33.4183949,6,1,
1860,,-111.926328,33.4183314,6,1,
1861,,-111.9263279,33.4182679,6,1,
1862,,-111.9263279,33.4182045,6,1,
1863,,-111.9263279,33.418141,6,1,
1864,,-111.9263279,33.4180775,6,1,
1865,,-111.9263279,33.418014,6,1,
1866,,-111.9263279,33.4179505,6,1,
1867,,-111.9263279,33.417887,6,1,
1868,,-111.9263279,33.4178235,6,1,
1869,,-111.9263278,33.41776,6,1,
1870,,-111.9263278,33.4176966,6,1,
1871,,-111.9263278,33.4176331,6,1,
1872,,-111.9263278,33.4175696,6,1,
1873,,-111.9263278,33.4175061,6,1,
1874,,-111.9263278,33.4174426,6,1,
1875,,-111.9263278,33.4173791,6,1,
1876,,-111.9263278,33.4173156,6,1,
1877,,-111.9263277,33.4172521,6,1,
1878,,-111.9263277,33.4171887,6,1,
1879,,-111.9263277,33.4171252,6,1,
1880,,-111.9263277,33.4170617,6,1,
1881,,-111.9263277,33.4169982,6,1,
1882,,-111.9263277,33.4169347,6,1,
1883,,-111.9263277,33.4168712,6,1,
1884,,-111.9263277,33.4168077,6,1,
1885,4,-111.9263276,33.4167443,6,1,
1886,,-111.9263663,33.4218867,6,2,
1887,,-111.9263663,33.4218232,6,2,
1888,,-111.9263663,33.4217597,6,2,
1889,,-111.9263663,33.4216962,6,2,
1890,,-111.9263663,33.4216327,6,2,
1891,,-111.9263663,33.4215693,6,2,
1892,,-111.9263662,33.4215058,6,2,
1893,,-111.9263662,33.4214423,6,2,
1894,,-111.9263662,33.4213788,6,2,
1895,,-111.9263662,33.4213153,6,2,
1896,,-111.9263662,33.4212518,6,2,
1897,,-111.9263662,33.4211883,6,2,
1898,,-111.9263662,33.4211248,6,2,
1899,,-111.9263661,33.4210614,6,2,
1900,,-111.9263661,33.4209979,6,2,
1901,,-111.9263661,33.4209344,6,2,
1902,,-111.9263661,33.4208709,6,2,
1903,,-111.9263661,33.4208074,6,2,
1904,,-111.9263661,33.4207439,6,2,
1905,,-111.9263661,33.4206804,6,2,
1906,,-111.9263661,33.420617,6,2,
1907,,-111.926366,33.4205535,6,2,
1908,,-111.926366,33.42049,6,2,
1909,,-111.926366,33.4204265,6,2,
1910,,-111.926366,33.420363,6,2,
1911,,-111.926366,33.4202995,6,2,
1912,,-111.926366,33.420236,6,2,
1913,,-111.926366,33.4201725,6,2,
1914,,-111.926366,33.4201091,6,2,
1915,,-111.9263659,33.4200456,6,2,
1916,,-111.9263659,33.4199821,6,2,
1917,,-111.9263659,33.4199186,6,2,
1918,,-111.9263659,33.4198551,6,2,
1919,,-111.9263659,33.4197916,6,2,
1920,,-111.9263659,33.4197281,6,2,
1921,,-111.9263659,33.4196646,6,2,
1922,,-111.9263659,33.4196012,6,2,
1923,,-111.9263658,33.4195377,6,2,
1924,,-111.9263658,33.4194742,6,2,
1925,,-111.9263658,33.4194107,6,2,
1926,,-111.9263658,33.4193472,6,2,
1927,,-111.9263658,33.4192837,6,2,
1928,,-111.9263658,33.4192202,6,2,
1929,,-111.9263658,33.4191568,6,2,
1930,,-111.9263658,33.4190933,6,2,
1931,,-111.9263657,33.4190298,6,2,
1932,,-111.9263657,33.4189663,6,2,
1933,,-111.9263657,33.4189028,6,2,
1934,,-111.9263657,33.4188393,6,2,
1935,,-111.9263657,33.4187758,6,2,
1936,,-111.9263657,33.4187123,6,2,
1937,,-111.9263657,33.4186489,6,2,
1938,,-111.9263657,33.4185854,6,2,
1939,,-111.9263656,33.4185219,6,2,
1940,,-111.9263656,33.4184584,6,2,
1941,,-111.9263656,33.4183949,6,2,
1942,,-111.9263656,33.4183314,6,2,
1943,,-111.9263656,33.4182679,6,2,
1944,,-111.9263656,33.4182044,6,2,
1945,,-111.9263656,33.418141,6,2,
1946,,-111.9263656,33.4180775,6,2,
1947,,-111.9263655,33.418014,6,2,
1948,,-111.9263655,33.4179505,6,2,
1949,,-111.9263655,33.417887,6,2,
1950,,-111.9263655,33.4178235,6,2,
1951,,-111.9263655,33.41776,6,2,
1952,,-111.9263655,33.4176966,6,2,
1953,,-111.9263655,33.4176331,6,2,
1954,,-111.9263654,33.4175696,6,2,
1955,,-111.9263654,33.4175061,6,2,
1956,,-111.9263654,33.4174426,6,2,
1957,,-111.9263654,33.4173791,6,2,
1958,,-111.9263654,33.4173156,6,2,
1959,,-111.9263654,33.4172521,6,2,
1960,,-111.9263654,33.4171887,6,2,
1961,,-111.9263654,33.4171252,6,2,
1962,,-111.9263653,33.4170617,6,2,
1963,,-111.9263653,33.4169982,6,2,
1964,,-111.9263653,33.4169347,6,2,
1965,,-111.9263653,33.4168712,6,2,
1966,,-111.9263653,33.4168077,6,2,
1967,4,-111.9263653,33.4167442,6,2,
1968,,-111.926404,33.4218867,6,3,
1969,,-111.9264039,33.4218232,6,3,
1970,,-111.9264039,33.4217597,6,3,
1971,,-111.9264039,33.4216962,6,3,
1972,,-111.9264039,33.4216327,6,3,
1973,,-111.9264039,33.4215692,6,3,
1974,,-111.9264039,33.4215058,6,3,
1975,,-111.9264039,33.4214423,6,3,
1976,,-111.9264039,33.4213788,6,3,
1977,,-111.9264038,33.4213153,6,3,
1978,,-111.9264038,33.4212518,6,3,
1979,,-111.9264038,33.4211883,6,3,
1980,,-111.9264038,33.4211248,6,3,
1981,,-111.9264038,33.4210614,6,3,
1982,,-111.9264038,33.4209979,6,3,
1983,,-111.9264038,33.4209344,6,3,
1984,,-111.9264038,33.4208709,6,3,
1985,,-111.9264037,33.4208074,6,3,
1986,,-111.9264037,33.4207439,6,3,
1987,,-111.9264037,33.4206804,6,3,
1988,,-111.9264037,33.4206169,6,3,
1989,,-111.9264037,33.4205535,6,3,
1990,,-111.9264037,33.42049,6,3,
1991,,-111.9264037,33.4204265,6,3,
1992,,-111.9264037,33.420363,6,3,
1993,,-111.9264036,33.4202995,6,3,
1994,,-111.9264036,33.420236,6,3,
1995,,-111.9264036,33.4201725,6,3,
1996,,-111.9264036,33.4201091,6,3,
1997,,-111.9264036,33.4200456,6,3,
1998,,-111.9264036,33.4199821,6,3,
1999,,-111.9264036,33.4199186,6,3,
2000,,-111.9264036,33.4198551,6,3,
2001,,-111.9264035,33.4197916,6,3,
2002,,-111.9264035,33.4197281,6,3,
2003,,-111.9264035,33.4196646,6,3,
2004,,-111.9264035,33.4196012,6,3,
2005,,-111.9264035,33.4195377,6,3,
2006,,-111.9264035,33.4194742,6,3,
2007,,-111.9264035,33.4194107,6,3,
2008,,-111.9264035,33.4193472,6,3,
2009,,-111.9264034,33.4192837,6,3,
2010,,-111.9264034,33.4192202,6,3,
2011,,-111.9264034,33.4191567,6,3,
2012,,-111.9264034,33.4190933,6,3,
2013,,-111.9264034,33.4190298,6,3,
2014,,-111.9264034,33.4189663,6,3,
2015,,-111.9264034,33.4189028,6,3,
2016,,-111.9264033,33.4188393,6,3,
2017,,-111.9264033,33.4187758,6,3,
2018,,-111.9264033,33.4187123,6,3,
2019,,-111.9264033,33.4186489,6,3,
2020,,-111.9264033,33.4185854,6,3,
2021,,-111.9264033,33.4185219,6,3,
2022,,-111.9264033,33.4184584,6,3,
2023,,-111.9264033,33.4183949,6,3,
2024,,-111.9264032,33.4183314,6,3,
2025,,-111.9264032,33.4182679,6,3,
2026,,-111.9264032,33.4182044,6,3,
2027,,-111.9264032,33.418141,6,3,
2028,,-111.9264032,33.4180775,6,3,
2029,,-111.9264032,33.418014,6,3,
2030,,-111.9264032,33.4179505,6,3,
2031,,-111.9264032,33.417887,6,3,
2032,,-111.9264031,33.4178235,6,3,
2033,,-111.9264031,33.41776,6,3,
2034,,-111.9264031,33.4176965,6,3,
2035,,-111.9264031,33.4176331,6,3,
2036,,-111.9264031,33.4175696,6,3,
2037,,-111.9264031,33.4175061,6,3,
2038,,-111.9264031,33.4174426,6,3,
2039,,-111.9264031,33.4173791,6,3,
2040,,-111.926403,33.4173156,6,3,
2041,,-111.926403,33.4172521,6,3,
2042,,-111.926403,33.4171887,6,3,
2043,,-111.926403,33.4171252,6,3,
2044,,-111.926403,33.4170617,6,3,
2045,,-111.926403,33.4169982,6,3,
2046,,-111.926403,33.4169347,6,3,
2047,,-111.926403,33.4168712,6,3,
2048,,-111.9264029,33.4168077,6,3,
2049,4,-111.9264029,33.4167442,6,3,
2050,4,-111.9262524,33.4167443,7,1,
2051,,-111.9262524,33.4168078,7,1,
2052,,-111.9262524,33.4168712,7,1,
2053,,-111.9262524,33.4169347,7,1,
2054,,-111.9262524,33.4169982,7,1,
2055,,-111.9262524,33.4170617,7,1,
2056,,-111.9262524,33.4171252,7,1,
2057,,-111.9262524,33.4171887,7,1,
2058,,-111.9262525,33.4172522,7,1,
2059,,-111.9262525,33.4173156,7,1,
2060,,-111.9262525,33.4173791,7,1,
2061,,-111.9262525,33.4174426,7,1,
2062,,-111.9262525,33.4175061,7,1,
2063,,-111.9262525,33.4175696,7,1,
2064,,-111.9262525,33.4176331,7,1,
2065,,-111.9262525,33.4176966,7,1,
2066,,-111.9262526,33.4177601,7,1,
2067,,-111.9262526,33.4178235,7,1,
2068,,-111.9262526,33.417887,7,1,
2069,,-111.9262526,33.4179505,7,1,
2070,,-111.9262526,33.418014,7,1,
2071,,-111.9262526,33.4180775,7,1,
2072,,-111.9262526,33.418141,7,1,
2073,,-111.9262526,33.4182045,7,1,
2074,,-111.9262527,33.418268,7,1,
2075,,-111.9262527,33.4183314,7,1,
2076,,-111.9262527,33.4183949,7,1,
2077,,-111.9262527,33.4184584,7,1,
2078,,-111.9262527,33.4185219,7,1,
2079,,-111.9262527,33.4185854,7,1,
2080,,-111.9262527,33.4186489,7,1,
2081,,-111.9262527,33.4187124,7,1,
2082,,-111.9262528,33.4187758,7,1,
2083,,-111.9262528,33.4188393,7,1,
2084,,-111.9262528,33.4189028,7,1,
2085,,-111.9262528,33.4189663,7,1,
2086,,-111.9262528,33.4190298,7,1,
2087,,-111.9262528,33.4190933,7,1,
2088,,-111.9262528,33.4191568,7,1,
2089,,-111.9262528,33.4192203,7,1,
2090,,-111.9262529,33.4192837,7,1,
2091,,-111.9262529,33.4193472,7,1,
2092,,-111.9262529,33.4194107,7,1,
2093,,-111.9262529,33.4194742,7,1,
2094,,-111.9262529,33.4195377,7,1,
2095,,-111.9262529,33.4196012,7,1,
2096,,-111.9262529,33.4196647,7,1,
2097,,-111.9262529,33.4197282,7,1,
2098,,-111.926253,33.4197916,7,1,
2099,,-111.926253,33.4198551,7,1,
2100,,-111.926253,33.4199186,7,1,
2101,,-111.926253,33.4199821,7,1,
2102,,-111.926253,33.4200456,7,1,
2103,,-111.926253,33.4201091,7,1,
2104,,-111.926253,33.4201726,7,1,
2105,,-111.926253,33.420236,7,1,
2106,,-111.9262531,33.4202995,7,1,
2107,,-111.9262531,33.420363,7,1,
2108,,-111.9262531,33.4204265,7,1,
2109,,-111.9262531,33.42049,7,1,
2110,,-111.9262531,33.4205535,7,1,
2111,,-111.9262531,33.420617,7,1,
2112,,-111.9262531,33.4206805,7,1,
2113,,-111.9262531,33.4207439,7,1,
2114,,-111.9262532,33.4208074,7,1,
2115,,-111.9262532,33.4208709,7,1,
2116,,-111.9262532,33.4209344,7,1,
2117,,-111.9262532,33.4209979,7,1,
2118,,-111.9262532,33.4210614,7,1,
2119,,-111.9262532,33.4211249,7,1,
2120,,-111.9262532,33.4211883,7,1,
2121,,-111.9262532,33.4212518,7,1,
2122,,-111.9262533,33.4213153,7,1,
2123,,-111.9262533,33.4213788,7,1,
2124,,-111.9262533,33.4214423,7,1,
2125,,-111.9262533,33.4215058,7,1,
2126,,-111.9262533,33.4215693,7,1,
2127,,-111.9262533,33.4216328,7,1,
2128,,-111.9262533,33.4216962,7,1,
2129,,-111.9262533,33.4217597,7,1,
2130,,-111.9262534,33.4218232,7,1,
2131,,-111.9262534,33.4218867,7,1,
2132,4,-111.9262147,33.4167443,7,2,
2133,,-111.9262147,33.4168078,7,2,
2134,,-111.9262147,33.4168712,7,2,
2135,,-111.9262147,33.4169347,7,2,
2136,,-111.9262148,33.4169982,7,2,
2137,,-111.9262148,33.4170617,7,2,
2138,,-111.9262148,33.4171252,7,2,
2139,,-111.9262148,33.4171887,7,2,
2140,,-111.9262148,33.4172522,7,2,
2141,,-111.9262148,33.4173157,7,2,
2142,,-111.9262148,33.4173791,7,2,
2143,,-111.9262148,33.4174426,7,2,
2144,,-111.9262149,33.4175061,7,2,
2145,,-111.9262149,33.4175696,7,2,
2146,,-111.9262149,33.4176331,7,2,
2147,,-111.9262149,33.4176966,7,2,
2148,,-111.9262149,33.4177601,7,2,
2149,,-111.9262149,33.4178235,7,2,
2150,,-111.9262149,33.417887,7,2,
2151,,-111.9262149,33.4179505,7,2,
2152,,-111.926215,33.418014,7,2,
2153,,-111.926215,33.4180775,7,2,
2154,,-111.926215,33.418141,7,2,
2155,,-111.926215,33.4182045,7,2,
2156,,-111.926215,33.418268,7,2,
2157,,-111.926215,33.4183314,7,2,
2158,,-111.926215,33.4183949,7,2,
2159,,-111.926215,33.4184584,7,2,
2160,,-111.9262151,33.4185219,7,2,
2161,,-111.9262151,33.4185854,7,2,
2162,,-111.9262151,33.4186489,7,2,
2163,,-111.9262151,33.4187124,7,2,
2164,,-111.9262151,33.4187759,7,2,
2165,,-111.9262151,33.4188393,7,2,
2166,,-111.9262151,33.4189028,7,2,
2167,,-111.9262151,33.4189663,7,2,
2168,,-111.9262152,33.4190298,7,2,
2169,,-111.9262152,33.4190933,7,2,
2170,,-111.9262152,33.4191568,7,2,
2171,,-111.9262152,33.4192203,7,2,
2172,,-111.9262152,33.4192837,7,2,
2173,,-111.9262152,33.4193472,7,2,
2174,,-111.9262152,33.4194107,7,2,
2175,,-111.9262152,33.4194742,7,2,
2176,,-111.9262153,33.4195377,7,2,
2177,,-111.9262153,33.4196012,7,2,
2178,,-111.9262153,33.4196647,7,2,
2179,,-111.9262153,33.4197282,7,2,
2180,,-111.9262153,33.4197916,7,2,
2181,,-111.9262153,33.4198551,7,2,
2182,,-111.9262153,33.4199186,7,2,
2183,,-111.9262153,33.4199821,7,2,
2184,,-111.9262154,33.4200456,7,2,
2185,,-111.9262154,33.4201091,7,2,
2186,,-111.9262154,33.4201726,7,2,
2187,,-111.9262154,33.4202361,7,2,
2188,,-111.9262154,33.4202995,7,2,
2189,,-111.9262154,33.420363,7,2,
2190,,-111.9262154,33.4204265,7,2,
2191,,-111.9262154,33.42049,7,2,
2192,,-111.9262155,33.4205535,7,2,
2193,,-111.9262155,33.420617,7,2,
2194,,-111.9262155,33.4206805,7,2,
2195,,-111.9262155,33.4207439,7,2,
2196,,-111.9262155,33.4208074,7,2,
2197,,-111.9262155,33.4208709,7,2,
2198,,-111.9262155,33.4209344,7,2,
2199,,-111.9262155,33.4209979,7,2,
2200,,-111.9262156,33.4210614,7,2,
2201,,-111.9262156,33.4211249,7,2,
2202,,-111.9262156,33.4211884,7,2,
2203,,-111.9262156,33.4212518,7,2,
2204,,-111.9262156,33.4213153,7,2,
2205,,-111.9262156,33.4213788,7,2,
2206,,-111.9262156,33.4214423,7,2,
2207,,-111.9262157,33.4215058,7,2,
2208,,-111.9262157,33.4215693,7,2,
2209,,-111.9262157,33.4216328,7,2,
2210,,-111.9262157,33.4216962,7,2,
2211,,-111.9262157,33.4217597,7,2,
2212,,-111.9262157,33.4218232,7,2,
2213,,-111.9262157,33.4218867,7,2,
2214,4,-111.9261771,33.4167443,7,3,
2215,,-111.9261771,33.4168078,7,3,
2216,,-111.9261771,33.4168712,7,3,
2217,,-111.9261771,33.4169347,7,3,
2218,,-111.9261771,33.4169982,7,3,
2219,,-111.9261771,33.4170617,7,3,
2220,,-111.9261771,33.4171252,7,3,
2221,,-111.9261771,33.4171887,7,3,
2222,,-111.9261772,33.4172522,7,3,
2223,,-111.9261772,33.4173157,7,3,
2224,,-111.9261772,33.4173791,7,3,
2225,,-111.9261772,33.4174426,7,3,
2226,,-111.9261772,33.4175061,7,3,
2227,,-111.9261772,33.4175696,7,3,
2228,,-111.9261772,33.4176331,7,3,
2229,,-111.9261772,33.4176966,7,3,
2230,,-111.9261773,33.4177601,7,3,
2231,,-111.9261773,33.4178236,7,3,
2232,,-111.9261773,33.417887,7,3,
2233,,-111.9261773,33.4179505,7,3,
2234,,-111.9261773,33.418014,7,3,
2235,,-111.9261773,33.4180775,7,3,
2236,,-111.9261773,33.418141,7,3,
2237,,-111.9261773,33.4182045,7,3,
2238,,-111.9261774,33.418268,7,3,
2239,,-111.9261774,33.4183314,7,3,
2240,,-111.9261774,33.4183949,7,3,
2241,,-111.9261774,33.4184584,7,3,
2242,,-111.9261774,33.4185219,7,3,
2243,,-111.9261774,33.4185854,7,3,
2244,,-111.9261774,33.4186489,7,3,
2245,,-111.9261775,33.4187124,7,3,
2246,,-111.9261775,33.4187759,7,3,
2247,,-111.9261775,33.4188393,7,3,
2248,,-111.9261775,33.4189028,7,3,
2249,,-111.9261775,33.4189663,7,3,
2250,,-111.9261775,33.4190298,7,3,
2251,,-111.9261775,33.4190933,7,3,
2252,,-111.9261775,33.4191568,7,3,
2253,,-111.9261776,33.4192203,7,3,
2254,,-111.9261776,33.4192838,7,3,
2255,,-111.9261776,33.4193472,7,3,
2256,,-111.9261776,33.4194107,7,3,
2257,,-111.9261776,33.4194742,7,3,
2258,,-111.9261776,33.4195377,7,3,
2259,,-111.9261776,33.4196012,7,3,
2260,,-111.9261776,33.4196647,7,3,
2261,,-111.9261777,33.4197282,7,3,
2262,,-111.9261777,33.4197916,7,3,
2263,,-111.9261777,33.4198551,7,3,
2264,,-111.9261777,33.4199186,7,3,
2265,,-111.9261777,33.4199821,7,3,
2266,,-111.9261777,33.4200456,7,3,
2267,,-111.9261777,33.4201091,7,3,
2268,,-111.9261777,33.4201726,7,3,
2269,,-111.9261778,33.4202361,7,3,
2270,,-111.9261778,33.4202995,7,3,
2271,,-111.9261778,33.420363,7,3,
2272,,-111.9261778,33.4204265,7,3,
2273,,-111.9261778,33.42049,7,3,
2274,,-111.9261778,33.4205535,7,3,
2275,,-111.9261778,33.420617,7,3,
2276,,-111.9261778,33.4206805,7,3,
2277,,-111.9261779,33.420744,7,3,
2278,,-111.9261779,33.4208074,7,3,
2279,,-111.9261779,33.4208709,7,3,
2280,,-111.9261779,33.4209344,7,3,
2281,,-111.9261779,33.4209979,7,3,
2282,,-111.9261779,33.4210614,7,3,
2283,,-111.9261779,33.4211249,7,3,
2284,,-111.9261779,33.4211884,7,3,
2285,,-111.926178,33.4212518,7,3,
2286,,-111.926178,33.4213153,7,3,
2287,,-111.926178,33.4213788,7,3,
2288,,-111.926178,33.4214423,7,3,
2289,,-111.926178,33.4215058,7,3,
2290,,-111.926178,33.4215693,7,3,
2291,,-111.926178,33.4216328,7,3,
2292,,-111.926178,33.4216963,7,3,
2293,,-111.9261781,33.4217597,7,3,
2294,,-111.9261781,33.4218232,7,3,
2295,,-111.9261781,33.4218867,7,3,
2296,,-111.9261879,33.4220761,8,1,
2297,,-111.9262568,33.4220759,8,1,
2298,,-111.9263257,33.4220757,8,1,
2299,,-111.9263946,33.4220755,8,1,
2300,,-111.926188,33.4221076,8,2,
2301,,-111.9262569,33.4221075,8,2,
2302,,-111.9263259,33.4221073,8,2,
2303,,-111.9263948,33.4221071,8,2,
2304,,-111.9261714,33.4220052,10,1,
2305,,-111.9262238,33.4219657,10,1,
2306,,-111.9262762,33.4219262,10,1,
2307,,-111.926394,33.4219493,11,1,
2308,,-111.9263252,33.4219494,11,1,
2309,,-111.9262564,33.4219496,11,1,
2310,,-111.9261876,33.4219498,11,1,
2311,,-111.9263938,33.4219177,11,2,
2312,,-111.9263251,33.4219179,11,2,
2313,,-111.9262563,33.421918,11,2,
2314,,-111.9261876,33.4219182,11,2,
2315,,-111.9264105,33.4220203,12,1,
2316,,-111.9263581,33.4220599,12,1,
2317,,-111.9263056,33.4220996,12,1,
2318,,-111.9262761,33.4220999,14,1,
2319,,-111.9262237,33.4220604,14,1,
2320,,-111.9261713,33.422021,14,1,
2321,,-111.9263662,33.4220762,16,1,
2322,,-111.9263662,33.422013,16,1,
2323,,-111.9263663,33.4219499,16,1,
2324,,-111.9264038,33.4220762,16,2,
2325,,-111.9264039,33.422013,16,2,
2326,,-111.9264039,33.4219499,16,2,
2327,,-111.9263059,33.421926,18,1,
2328,,-111.9263584,33.4219652,18,1,
2329,,-111.9264109,33.4220045,18,1,
2330,,-111.9262157,33.4219498,19,1,
2331,,-111.9262156,33.4220129,19,1,
2332,,-111.9262156,33.4220761,19,1,
2333,,-111.926178,33.4219498,19,2,
2334,,-111.926178,33.4220129,19,2,
2335,,-111.9261779,33.422076,19,2,
