demand_id,o_zone_id,d_zone_id,o_node_id,d_node_id,total_volume,volume,time_start,time_end,route
0,2,3,,,300,60,0,10,
1,2,3,,,350,70,10,20,
2,2,3,,,400,80,20,30,
3,2,3,,,450,90,30,40,
4,2,3,,,300,60,40,50,
5,2,3,,,200,40,50,60,
6,2,1,,,300,180,0,10,
7,2,1,,,350,210,10,20,
8,2,1,,,400,240,20,30,
9,2,1,,,450,270,30,40,
10,2,1,,,300,180,40,50,
11,2,1,,,200,120,50,60,
12,2,4,,,300,60,0,10,
13,2,4,,,350,70,10,20,
14,2,4,,,400,80,20,30,
15,2,4,,,450,90,30,40,
16,2,4,,,300,60,40,50,
17,2,4,,,200,40,50,60,
18,1,4,,,330,72.6,0,10,
19,1,4,,,380,83.6,10,20,
20,1,4,,,450,99,20,30,
21,1,4,,,400,88,30,40,
22,1,4,,,360,79.2,40,50,
23,1,4,,,160,35.2,50,60,
24,1,2,,,330,201.3,0,10,
25,1,2,,,380,231.8,10,20,
26,1,2,,,450,274.5,20,30,
27,1,2,,,400,244,30,40,
28,1,2,,,360,219.6,40,50,
29,1,2,,,160,97.6,50,60,
30,1,3,,,330,56.1,0,10,
31,1,3,,,380,64.6,10,20,
32,1,3,,,450,76.5,20,30,
33,1,3,,,400,68,30,40,
34,1,3,,,360,61.2,40,50,
35,1,3,,,160,27.2,50,60,