node_id,x_coord,y_coord,meso_link_id,lane_no,activity_type,is_boundary
0,119.41022,32.3958,0,1,,0
1,119.41026,32.3958,0,2,,0
2,119.4103,32.3958,0,3,,0
3,119.41033,32.39581,0,4,,0
4,119.41021,32.39586,0,1,,0
5,119.41025,32.39586,0,2,,0
6,119.41029,32.39587,0,3,,0
7,119.41033,32.39587,0,4,,0
8,119.41021,32.39592,0,1,,0
9,119.41024,32.39593,0,2,,0
10,119.41028,32.39593,0,3,,0
11,119.41032,32.39593,0,4,,0
12,119.4102,32.39599,0,1,,0
13,119.41024,32.39599,0,2,,0
14,119.41027,32.39599,0,3,,0
15,119.41031,32.396,0,4,,0
16,119.41019,32.39605,0,1,,0
17,119.41023,32.39605,0,2,,0
18,119.41027,32.39605,0,3,,0
19,119.4103,32.39606,0,4,,0
20,119.41018,32.39611,0,1,,0
21,119.41022,32.39611,0,2,,0
22,119.41026,32.39612,0,3,,0
23,119.41029,32.39612,0,4,,0
24,119.41018,32.39617,0,1,,0
25,119.41021,32.39618,0,2,,0
26,119.41025,32.39618,0,3,,0
27,119.41029,32.39618,0,4,,0
28,119.41017,32.39624,0,1,,0
29,119.4102,32.39624,0,2,,0
30,119.41024,32.39624,0,3,,0
31,119.41028,32.39625,0,4,,0
32,119.41016,32.3963,0,1,,0
33,119.4102,32.3963,0,2,,0
34,119.41023,32.39631,0,3,,0
35,119.41027,32.39631,0,4,,0
36,119.41015,32.39636,0,1,,0
37,119.41019,32.39637,0,2,,0
38,119.41023,32.39637,0,3,,0
39,119.41026,32.39637,0,4,,0
40,119.41014,32.39642,0,1,,0
41,119.41018,32.39643,0,2,,0
42,119.41022,32.39643,0,3,,0
43,119.41026,32.39643,0,4,,0
44,119.41014,32.39649,0,1,,0
45,119.41017,32.39649,0,2,,0
46,119.41021,32.39649,0,3,,0
47,119.41025,32.3965,0,4,,0
48,119.41013,32.39655,0,1,,0
49,119.41017,32.39655,0,2,,0
50,119.4102,32.39656,0,3,,0
51,119.41024,32.39656,0,4,,0
52,119.41012,32.39661,0,1,,0
53,119.41016,32.39662,0,2,,0
54,119.4102,32.39662,0,3,,0
55,119.41023,32.39662,0,4,,0
56,119.41011,32.39668,0,1,,0
57,119.41015,32.39668,0,2,,0
58,119.41019,32.39668,0,3,,0
59,119.41022,32.39669,0,4,,0
60,119.41011,32.39674,0,1,,0
61,119.41014,32.39674,0,2,,0
62,119.41018,32.39675,0,3,,0
63,119.41022,32.39675,0,4,,0
64,119.4101,32.3968,0,1,,0
65,119.41013,32.3968,0,2,,0
66,119.41017,32.39681,0,3,,0
67,119.41021,32.39681,0,4,,0
68,119.41009,32.39686,0,1,,0
69,119.41013,32.39687,0,2,,0
70,119.41016,32.39687,0,3,,0
71,119.4102,32.39687,0,4,,0
72,119.41008,32.39693,0,1,,0
73,119.41012,32.39693,0,2,,0
74,119.41016,32.39693,0,3,,0
75,119.41019,32.39694,0,4,,0
76,119.41007,32.39699,0,1,,0
77,119.41011,32.39699,0,2,,0
78,119.41015,32.397,0,3,,0
79,119.41019,32.397,0,4,,0
88,119.41006,32.39714,0,1,,0
89,119.41009,32.39714,0,2,,0
90,119.41013,32.39715,0,3,,0
91,119.41017,32.39715,0,4,,0
92,119.41005,32.3972,0,1,,0
93,119.41008,32.39721,0,2,,0
94,119.41012,32.39721,0,3,,0
95,119.41016,32.39721,0,4,,0
96,119.41004,32.39727,0,1,,0
97,119.41008,32.39727,0,2,,0
98,119.41011,32.39727,0,3,,0
99,119.41015,32.39728,0,4,,0
100,119.41003,32.39733,0,1,,0
101,119.41007,32.39733,0,2,,0
102,119.41011,32.39734,0,3,,0
103,119.41014,32.39734,0,4,,0
104,119.41002,32.39739,0,1,,0
105,119.41006,32.3974,0,2,,0
106,119.4101,32.3974,0,3,,0
107,119.41014,32.3974,0,4,,0
108,119.41002,32.39746,0,1,,0
109,119.41005,32.39746,0,2,,0
110,119.41009,32.39746,0,3,,0
111,119.41013,32.39747,0,4,,0
112,119.41001,32.39752,0,1,,0
113,119.41005,32.39752,0,2,,0
114,119.41008,32.39753,0,3,,0
115,119.41012,32.39753,0,4,,0
116,119.41,32.39758,0,1,,0
117,119.41004,32.39758,0,2,,0
118,119.41007,32.39759,0,3,,0
119,119.41011,32.39759,0,4,,0
120,119.40999,32.39764,0,1,,0
121,119.41003,32.39765,0,2,,0
122,119.41007,32.39765,0,3,,0
123,119.4101,32.39765,0,4,,0
124,119.40999,32.39771,0,1,,0
125,119.41002,32.39771,0,2,,0
126,119.41006,32.39771,0,3,,0
127,119.4101,32.39772,0,4,,0
128,119.40998,32.39777,0,1,,0
129,119.41001,32.39777,0,2,,0
130,119.41005,32.39778,0,3,,0
131,119.41009,32.39778,0,4,,0
132,119.40997,32.39783,0,1,,0
133,119.41001,32.39784,0,2,,0
134,119.41004,32.39784,0,3,,0
135,119.41008,32.39784,0,4,,0
144,119.40995,32.39798,0,1,,0
145,119.40999,32.39798,0,2,,0
146,119.41003,32.39798,0,3,,0
147,119.41006,32.39798,0,4,,0
148,119.40995,32.39804,0,1,,0
149,119.40998,32.39804,0,2,,0
150,119.41002,32.39804,0,3,,0
151,119.41006,32.39805,0,4,,0
152,119.40994,32.3981,0,1,,0
153,119.40998,32.3981,0,2,,0
154,119.41001,32.39811,0,3,,0
155,119.41005,32.39811,0,4,,0
156,119.40993,32.39816,0,1,,0
157,119.40997,32.39817,0,2,,0
158,119.41001,32.39817,0,3,,0
159,119.41004,32.39817,0,4,,0
160,119.40993,32.39823,0,1,,0
161,119.40996,32.39823,0,2,,0
162,119.41,32.39823,0,3,,0
163,119.41004,32.39824,0,4,,0
164,119.40992,32.39829,0,1,,0
165,119.40996,32.39829,0,2,,0
166,119.40999,32.3983,0,3,,0
167,119.41003,32.3983,0,4,,0
168,119.40991,32.39835,0,1,,0
169,119.40995,32.39836,0,2,,0
170,119.40999,32.39836,0,3,,0
171,119.41002,32.39836,0,4,,0
172,119.4099,32.39842,0,1,,0
173,119.40994,32.39842,0,2,,0
174,119.40998,32.39842,0,3,,0
175,119.41002,32.39843,0,4,,0
176,119.4099,32.39848,0,1,,0
177,119.40993,32.39848,0,2,,0
178,119.40997,32.39849,0,3,,0
179,119.41001,32.39849,0,4,,0
180,119.40989,32.39854,0,1,,0
181,119.40993,32.39855,0,2,,0
182,119.40996,32.39855,0,3,,0
183,119.41,32.39855,0,4,,0
184,119.40988,32.39861,0,1,,0
185,119.40992,32.39861,0,2,,0
186,119.40996,32.39861,0,3,,0
187,119.41,32.39861,0,4,,0
188,119.40988,32.39867,0,1,,0
189,119.40991,32.39867,0,2,,0
190,119.40995,32.39867,0,3,,0
191,119.40999,32.39868,0,4,,0
192,119.40987,32.39873,0,1,,0
193,119.40991,32.39873,0,2,,0
194,119.40994,32.39874,0,3,,0
195,119.40998,32.39874,0,4,,0
196,119.40986,32.39879,0,1,,0
197,119.4099,32.3988,0,2,,0
198,119.40994,32.3988,0,3,,0
199,119.40997,32.3988,0,4,,0
200,119.40986,32.39886,0,1,,0
201,119.40989,32.39886,0,2,,0
202,119.40993,32.39886,0,3,,0
203,119.40997,32.39887,0,4,,0
204,119.40985,32.39892,0,1,,0
205,119.40989,32.39892,0,2,,0
206,119.40992,32.39893,0,3,,0
207,119.40996,32.39893,0,4,,0
208,119.40984,32.39898,0,1,,0
209,119.40988,32.39899,0,2,,0
210,119.40992,32.39899,0,3,,0
211,119.40995,32.39899,0,4,,0
212,119.40983,32.39906,0,1,,0
213,119.40987,32.39906,0,2,,0
214,119.40991,32.39906,0,3,,0
215,119.40995,32.39906,0,4,,0
216,119.41006,32.39708,0,1,,0
217,119.4101,32.39708,0,2,,0
218,119.41014,32.39709,0,3,,0
219,119.41017,32.39709,0,4,,0
220,119.40996,32.39791,0,1,,0
221,119.41,32.39792,0,2,,0
222,119.41003,32.39792,0,3,,0
223,119.41007,32.39792,0,4,,0
224,119.40982,32.39906,1,1,,0
225,119.40978,32.39906,1,2,,0
226,119.40975,32.39906,1,3,,0
227,119.40971,32.39905,1,4,,0
228,119.40983,32.399,1,1,,0
229,119.40979,32.39899,1,2,,0
230,119.40975,32.39899,1,3,,0
231,119.40972,32.39899,1,4,,0
232,119.40984,32.39893,1,1,,0
233,119.4098,32.39893,1,2,,0
234,119.40976,32.39893,1,3,,0
235,119.40972,32.39893,1,4,,0
236,119.40984,32.39887,1,1,,0
237,119.4098,32.39887,1,2,,0
238,119.40977,32.39887,1,3,,0
239,119.40973,32.39886,1,4,,0
240,119.40985,32.39881,1,1,,0
241,119.40981,32.39881,1,2,,0
242,119.40977,32.3988,1,3,,0
243,119.40974,32.3988,1,4,,0
244,119.40985,32.39875,1,1,,0
245,119.40982,32.39874,1,2,,0
246,119.40978,32.39874,1,3,,0
247,119.40974,32.39874,1,4,,0
248,119.40986,32.39868,1,1,,0
249,119.40982,32.39868,1,2,,0
250,119.40979,32.39868,1,3,,0
251,119.40975,32.39867,1,4,,0
252,119.40987,32.39862,1,1,,0
253,119.40983,32.39862,1,2,,0
254,119.40979,32.39861,1,3,,0
255,119.40976,32.39861,1,4,,0
256,119.40987,32.39856,1,1,,0
257,119.40984,32.39855,1,2,,0
258,119.4098,32.39855,1,3,,0
259,119.40976,32.39855,1,4,,0
260,119.40988,32.39849,1,1,,0
261,119.40984,32.39849,1,2,,0
262,119.40981,32.39849,1,3,,0
263,119.40977,32.39849,1,4,,0
264,119.40989,32.39843,1,1,,0
265,119.40985,32.39843,1,2,,0
266,119.40981,32.39843,1,3,,0
267,119.40978,32.39842,1,4,,0
268,119.40989,32.39837,1,1,,0
269,119.40986,32.39837,1,2,,0
270,119.40982,32.39836,1,3,,0
271,119.40978,32.39836,1,4,,0
272,119.4099,32.39831,1,1,,0
273,119.40986,32.3983,1,2,,0
274,119.40983,32.3983,1,3,,0
275,119.40979,32.3983,1,4,,0
276,119.40991,32.39824,1,1,,0
277,119.40987,32.39824,1,2,,0
278,119.40983,32.39824,1,3,,0
279,119.4098,32.39823,1,4,,0
280,119.40991,32.39818,1,1,,0
281,119.40988,32.39818,1,2,,0
282,119.40984,32.39817,1,3,,0
283,119.4098,32.39817,1,4,,0
284,119.40992,32.39812,1,1,,0
285,119.40988,32.39811,1,2,,0
286,119.40985,32.39811,1,3,,0
287,119.40981,32.39811,1,4,,0
288,119.40993,32.39805,1,1,,0
289,119.40989,32.39805,1,2,,0
290,119.40985,32.39805,1,3,,0
291,119.40982,32.39805,1,4,,0
292,119.40993,32.39799,1,1,,0
293,119.4099,32.39799,1,2,,0
294,119.40986,32.39799,1,3,,0
295,119.40982,32.39798,1,4,,0
304,119.40995,32.39785,1,1,,0
305,119.40991,32.39785,1,2,,0
306,119.40987,32.39785,1,3,,0
307,119.40984,32.39784,1,4,,0
308,119.40996,32.39779,1,1,,0
309,119.40992,32.39779,1,2,,0
310,119.40988,32.39778,1,3,,0
311,119.40984,32.39778,1,4,,0
312,119.40996,32.39773,1,1,,0
313,119.40992,32.39772,1,2,,0
314,119.40989,32.39772,1,3,,0
315,119.40985,32.39772,1,4,,0
316,119.40997,32.39766,1,1,,0
317,119.40993,32.39766,1,2,,0
318,119.40989,32.39766,1,3,,0
319,119.40986,32.39766,1,4,,0
320,119.40997,32.3976,1,1,,0
321,119.40994,32.3976,1,2,,0
322,119.4099,32.3976,1,3,,0
323,119.40986,32.39759,1,4,,0
324,119.40998,32.39754,1,1,,0
325,119.40994,32.39754,1,2,,0
326,119.40991,32.39753,1,3,,0
327,119.40987,32.39753,1,4,,0
328,119.40999,32.39748,1,1,,0
329,119.40995,32.39747,1,2,,0
330,119.40991,32.39747,1,3,,0
331,119.40988,32.39747,1,4,,0
332,119.40999,32.39741,1,1,,0
333,119.40996,32.39741,1,2,,0
334,119.40992,32.39741,1,3,,0
335,119.40988,32.3974,1,4,,0
336,119.41,32.39735,1,1,,0
337,119.40996,32.39735,1,2,,0
338,119.40993,32.39734,1,3,,0
339,119.40989,32.39734,1,4,,0
340,119.41001,32.39729,1,1,,0
341,119.40997,32.39728,1,2,,0
342,119.40993,32.39728,1,3,,0
343,119.4099,32.39728,1,4,,0
344,119.41001,32.39722,1,1,,0
345,119.40998,32.39722,1,2,,0
346,119.40994,32.39722,1,3,,0
347,119.4099,32.39722,1,4,,0
348,119.41002,32.39716,1,1,,0
349,119.40998,32.39716,1,2,,0
350,119.40995,32.39716,1,3,,0
351,119.40991,32.39715,1,4,,0
360,119.41004,32.39702,1,1,,0
361,119.41,32.39701,1,2,,0
362,119.40996,32.39701,1,3,,0
363,119.40992,32.39701,1,4,,0
364,119.41004,32.39695,1,1,,0
365,119.41,32.39695,1,2,,0
366,119.40997,32.39695,1,3,,0
367,119.40993,32.39695,1,4,,0
368,119.41005,32.39689,1,1,,0
369,119.41001,32.39689,1,2,,0
370,119.40997,32.39689,1,3,,0
371,119.40994,32.39688,1,4,,0
372,119.41006,32.39683,1,1,,0
373,119.41002,32.39683,1,2,,0
374,119.40998,32.39682,1,3,,0
375,119.40994,32.39682,1,4,,0
376,119.41006,32.39677,1,1,,0
377,119.41002,32.39676,1,2,,0
378,119.40999,32.39676,1,3,,0
379,119.40995,32.39676,1,4,,0
380,119.41007,32.3967,1,1,,0
381,119.41003,32.3967,1,2,,0
382,119.40999,32.3967,1,3,,0
383,119.40996,32.39669,1,4,,0
384,119.41007,32.39664,1,1,,0
385,119.41004,32.39664,1,2,,0
386,119.41,32.39663,1,3,,0
387,119.40996,32.39663,1,4,,0
388,119.41008,32.39658,1,1,,0
389,119.41004,32.39657,1,2,,0
390,119.41001,32.39657,1,3,,0
391,119.40997,32.39657,1,4,,0
392,119.41009,32.39651,1,1,,0
393,119.41005,32.39651,1,2,,0
394,119.41001,32.39651,1,3,,0
395,119.40998,32.39651,1,4,,0
396,119.41009,32.39645,1,1,,0
397,119.41006,32.39645,1,2,,0
398,119.41002,32.39644,1,3,,0
399,119.40998,32.39644,1,4,,0
400,119.4101,32.39639,1,1,,0
401,119.41006,32.39638,1,2,,0
402,119.41003,32.39638,1,3,,0
403,119.40999,32.39638,1,4,,0
404,119.41011,32.39632,1,1,,0
405,119.41007,32.39632,1,2,,0
406,119.41003,32.39632,1,3,,0
407,119.41,32.39632,1,4,,0
408,119.41011,32.39626,1,1,,0
409,119.41008,32.39626,1,2,,0
410,119.41004,32.39626,1,3,,0
411,119.41,32.39625,1,4,,0
412,119.41012,32.3962,1,1,,0
413,119.41008,32.3962,1,2,,0
414,119.41005,32.39619,1,3,,0
415,119.41001,32.39619,1,4,,0
416,119.41013,32.39614,1,1,,0
417,119.41009,32.39613,1,2,,0
418,119.41005,32.39613,1,3,,0
419,119.41002,32.39613,1,4,,0
420,119.41013,32.39607,1,1,,0
421,119.4101,32.39607,1,2,,0
422,119.41006,32.39607,1,3,,0
423,119.41002,32.39606,1,4,,0
424,119.41014,32.39601,1,1,,0
425,119.4101,32.39601,1,2,,0
426,119.41007,32.396,1,3,,0
427,119.41003,32.396,1,4,,0
428,119.41015,32.39595,1,1,,0
429,119.41011,32.39594,1,2,,0
430,119.41007,32.39594,1,3,,0
431,119.41003,32.39594,1,4,,0
432,119.41015,32.39588,1,1,,0
433,119.41012,32.39588,1,2,,0
434,119.41008,32.39588,1,3,,0
435,119.41004,32.39588,1,4,,0
436,119.41016,32.39579,1,1,,0
437,119.41013,32.39579,1,2,,0
438,119.41009,32.39579,1,3,,0
439,119.41005,32.39578,1,4,,0
440,119.40994,32.39792,1,1,,0
441,119.40991,32.39791,1,2,,0
442,119.40987,32.39791,1,3,,0
443,119.40983,32.39791,1,4,,0
444,119.41003,32.39708,1,1,,0
445,119.40999,32.39708,1,2,,0
446,119.40995,32.39707,1,3,,0
447,119.40992,32.39707,1,4,,0
448,119.40998,32.3956,2,1,,0
449,119.40997,32.39563,2,2,,0
450,119.40997,32.39566,2,3,,0
451,119.4099,32.39559,2,1,,0
452,119.4099,32.39562,2,2,,0
453,119.4099,32.39565,2,3,,0
454,119.40983,32.39558,2,1,,0
455,119.40983,32.39561,2,2,,0
456,119.40982,32.39565,2,3,,0
457,119.40976,32.39557,2,1,,0
458,119.40975,32.39561,2,2,,0
459,119.40975,32.39564,2,3,,0
460,119.40968,32.39557,2,1,,0
461,119.40968,32.3956,2,2,,0
462,119.40967,32.39563,2,3,,0
463,119.40961,32.39556,2,1,,0
464,119.4096,32.39559,2,2,,0
465,119.4096,32.39562,2,3,,0
466,119.40953,32.39555,2,1,,0
467,119.40953,32.39558,2,2,,0
468,119.40953,32.39561,2,3,,0
469,119.40946,32.39554,2,1,,0
470,119.40946,32.39558,2,2,,0
471,119.40945,32.39561,2,3,,0
472,119.40939,32.39554,2,1,,0
473,119.40938,32.39557,2,2,,0
474,119.40938,32.3956,2,3,,0
475,119.40931,32.39553,2,1,,0
476,119.40931,32.39556,2,2,,0
477,119.4093,32.39559,2,3,,0
478,119.40924,32.39552,2,1,,0
479,119.40923,32.39555,2,2,,0
480,119.40923,32.39558,2,3,,0
481,119.40917,32.39551,2,1,,0
482,119.40916,32.39554,2,2,,0
483,119.40916,32.39558,2,3,,0
484,119.40909,32.39551,2,1,,0
485,119.40909,32.39554,2,2,,0
486,119.40908,32.39557,2,3,,0
487,119.40902,32.3955,2,1,,0
488,119.40901,32.39553,2,2,,0
489,119.40901,32.39556,2,3,,0
490,119.40894,32.39549,2,1,,0
491,119.40894,32.39552,2,2,,0
492,119.40893,32.39555,2,3,,0
493,119.40887,32.39548,2,1,,0
494,119.40887,32.39551,2,2,,0
495,119.40886,32.39554,2,3,,0
496,119.4088,32.39547,2,1,,0
497,119.40879,32.39551,2,2,,0
498,119.40879,32.39554,2,3,,0
499,119.40872,32.39547,2,1,,0
500,119.40872,32.3955,2,2,,0
501,119.40871,32.39553,2,3,,0
502,119.40865,32.39546,2,1,,0
503,119.40864,32.39549,2,2,,0
504,119.40864,32.39552,2,3,,0
505,119.40857,32.39545,2,1,,0
506,119.40857,32.39548,2,2,,0
507,119.40857,32.39551,2,3,,0
508,119.4085,32.39544,2,1,,0
509,119.4085,32.39547,2,2,,0
510,119.40849,32.39551,2,3,,0
511,119.40843,32.39544,2,1,,0
512,119.40842,32.39547,2,2,,0
513,119.40842,32.3955,2,3,,0
514,119.40835,32.39543,2,1,,0
515,119.40835,32.39546,2,2,,0
516,119.40834,32.39549,2,3,,0
517,119.40828,32.39542,2,1,,0
518,119.40827,32.39545,2,2,,0
519,119.40827,32.39548,2,3,,0
526,119.40816,32.39541,2,1,,0
527,119.40815,32.39544,2,2,,0
528,119.40815,32.39547,2,3,,0
529,119.40808,32.3954,2,1,,0
530,119.40808,32.39543,2,2,,0
531,119.40807,32.39546,2,3,,0
538,119.40794,32.39539,2,1,,0
539,119.40794,32.39542,2,2,,0
540,119.40794,32.39545,2,3,,0
541,119.40787,32.39538,2,1,,0
542,119.40787,32.39541,2,2,,0
543,119.40786,32.39544,2,3,,0
544,119.4078,32.39537,2,1,,0
545,119.40779,32.3954,2,2,,0
546,119.40779,32.39543,2,3,,0
547,119.40772,32.39536,2,1,,0
548,119.40772,32.39539,2,2,,0
549,119.40771,32.39543,2,3,,0
550,119.40765,32.39536,2,1,,0
551,119.40764,32.39539,2,2,,0
552,119.40764,32.39542,2,3,,0
553,119.40758,32.39535,2,1,,0
554,119.40757,32.39538,2,2,,0
555,119.40757,32.39541,2,3,,0
556,119.4075,32.39534,2,1,,0
557,119.4075,32.39537,2,2,,0
558,119.40749,32.3954,2,3,,0
559,119.40743,32.39533,2,1,,0
560,119.40742,32.39536,2,2,,0
561,119.40742,32.3954,2,3,,0
562,119.40735,32.39532,2,1,,0
563,119.40735,32.39536,2,2,,0
564,119.40734,32.39539,2,3,,0
565,119.40728,32.39532,2,1,,0
566,119.40728,32.39535,2,2,,0
567,119.40727,32.39538,2,3,,0
568,119.40721,32.39531,2,1,,0
569,119.4072,32.39534,2,2,,0
570,119.4072,32.39537,2,3,,0
571,119.40713,32.3953,2,1,,0
572,119.40713,32.39533,2,2,,0
573,119.40712,32.39536,2,3,,0
574,119.40706,32.39529,2,1,,0
575,119.40705,32.39533,2,2,,0
576,119.40705,32.39536,2,3,,0
577,119.40698,32.39529,2,1,,0
578,119.40698,32.39532,2,2,,0
579,119.40698,32.39535,2,3,,0
580,119.40691,32.39528,2,1,,0
581,119.40691,32.39531,2,2,,0
582,119.4069,32.39534,2,3,,0
583,119.40684,32.39527,2,1,,0
584,119.40683,32.3953,2,2,,0
585,119.40683,32.39533,2,3,,0
586,119.40676,32.39526,2,1,,0
587,119.40676,32.3953,2,2,,0
588,119.40675,32.39533,2,3,,0
589,119.40669,32.39526,2,1,,0
590,119.40668,32.39529,2,2,,0
591,119.40668,32.39532,2,3,,0
592,119.40661,32.39525,2,1,,0
593,119.40661,32.39528,2,2,,0
594,119.40661,32.39531,2,3,,0
595,119.40654,32.39524,2,1,,0
596,119.40654,32.39527,2,2,,0
597,119.40653,32.3953,2,3,,0
598,119.40647,32.39523,2,1,,0
599,119.40646,32.39526,2,2,,0
600,119.40646,32.3953,2,3,,0
601,119.40639,32.39523,2,1,,0
602,119.40639,32.39526,2,2,,0
603,119.40638,32.39529,2,3,,0
604,119.40632,32.39522,2,1,,0
605,119.40631,32.39525,2,2,,0
606,119.40631,32.39528,2,3,,0
607,119.40625,32.39521,2,1,,0
608,119.40624,32.39524,2,2,,0
609,119.40624,32.39527,2,3,,0
610,119.4062,32.39521,2,1,,0
611,119.4062,32.39524,2,2,,0
612,119.40619,32.39527,2,3,,0
613,119.40823,32.39542,2,1,,0
614,119.40823,32.39545,2,2,,0
615,119.40822,32.39548,2,3,,0
616,119.40802,32.39539,2,1,,0
617,119.40801,32.39542,2,2,,0
618,119.40801,32.39546,2,3,,0
619,119.4102,32.3954,3,1,,0
620,119.41017,32.3954,3,2,,0
621,119.41013,32.3954,3,3,,0
622,119.41009,32.39539,3,4,,0
623,119.41021,32.39534,3,1,,0
624,119.41017,32.39534,3,2,,0
625,119.41014,32.39533,3,3,,0
626,119.4101,32.39533,3,4,,0
627,119.41022,32.39528,3,1,,0
628,119.41018,32.39527,3,2,,0
629,119.41014,32.39527,3,3,,0
630,119.41011,32.39527,3,4,,0
631,119.41022,32.39521,3,1,,0
632,119.41019,32.39521,3,2,,0
633,119.41015,32.39521,3,3,,0
634,119.41011,32.3952,3,4,,0
635,119.41023,32.39515,3,1,,0
636,119.41019,32.39515,3,2,,0
637,119.41016,32.39514,3,3,,0
638,119.41012,32.39514,3,4,,0
639,119.41024,32.39509,3,1,,0
640,119.4102,32.39509,3,2,,0
641,119.41016,32.39508,3,3,,0
642,119.41013,32.39508,3,4,,0
643,119.41024,32.39503,3,1,,0
644,119.41021,32.39502,3,2,,0
645,119.41017,32.39502,3,3,,0
646,119.41013,32.39502,3,4,,0
647,119.41025,32.39496,3,1,,0
648,119.41021,32.39496,3,2,,0
649,119.41018,32.39496,3,3,,0
650,119.41014,32.39495,3,4,,0
651,119.41026,32.3949,3,1,,0
652,119.41022,32.3949,3,2,,0
653,119.41018,32.39489,3,3,,0
654,119.41015,32.39489,3,4,,0
655,119.41027,32.39484,3,1,,0
656,119.41023,32.39483,3,2,,0
657,119.41019,32.39483,3,3,,0
658,119.41015,32.39483,3,4,,0
659,119.41027,32.39477,3,1,,0
660,119.41024,32.39477,3,2,,0
661,119.4102,32.39477,3,3,,0
662,119.41016,32.39476,3,4,,0
663,119.41028,32.39471,3,1,,0
664,119.41024,32.39471,3,2,,0
665,119.4102,32.3947,3,3,,0
666,119.41017,32.3947,3,4,,0
667,119.41029,32.39465,3,1,,0
668,119.41025,32.39464,3,2,,0
669,119.41021,32.39464,3,3,,0
670,119.41017,32.39464,3,4,,0
671,119.41029,32.39458,3,1,,0
672,119.41026,32.39458,3,2,,0
673,119.41022,32.39458,3,3,,0
674,119.41018,32.39458,3,4,,0
675,119.4103,32.39452,3,1,,0
676,119.41026,32.39452,3,2,,0
677,119.41023,32.39452,3,3,,0
678,119.41019,32.39451,3,4,,0
679,119.41031,32.39445,3,1,,0
680,119.41027,32.39445,3,2,,0
681,119.41023,32.39444,3,3,,0
682,119.4102,32.39444,3,4,,0
683,119.4062,32.39517,4,1,,0
684,119.40621,32.39514,4,2,,0
685,119.40621,32.39511,4,3,,0
686,119.40628,32.39518,4,1,,0
687,119.40628,32.39515,4,2,,0
688,119.40629,32.39512,4,3,,0
689,119.40635,32.39519,4,1,,0
690,119.40636,32.39516,4,2,,0
691,119.40636,32.39512,4,3,,0
692,119.40643,32.39519,4,1,,0
693,119.40643,32.39516,4,2,,0
694,119.40644,32.39513,4,3,,0
695,119.4065,32.3952,4,1,,0
696,119.4065,32.39517,4,2,,0
697,119.40651,32.39514,4,3,,0
698,119.40657,32.39521,4,1,,0
699,119.40658,32.39518,4,2,,0
700,119.40658,32.39515,4,3,,0
701,119.40665,32.39522,4,1,,0
702,119.40665,32.39519,4,2,,0
703,119.40666,32.39515,4,3,,0
704,119.40672,32.39522,4,1,,0
705,119.40673,32.39519,4,2,,0
706,119.40673,32.39516,4,3,,0
707,119.4068,32.39523,4,1,,0
708,119.4068,32.3952,4,2,,0
709,119.4068,32.39517,4,3,,0
710,119.40687,32.39524,4,1,,0
711,119.40687,32.39521,4,2,,0
712,119.40688,32.39518,4,3,,0
713,119.40694,32.39525,4,1,,0
714,119.40695,32.39522,4,2,,0
715,119.40695,32.39518,4,3,,0
716,119.40702,32.39526,4,1,,0
717,119.40702,32.39522,4,2,,0
718,119.40703,32.39519,4,3,,0
719,119.40709,32.39526,4,1,,0
720,119.4071,32.39523,4,2,,0
721,119.4071,32.3952,4,3,,0
722,119.40717,32.39527,4,1,,0
723,119.40717,32.39524,4,2,,0
724,119.40717,32.39521,4,3,,0
725,119.40724,32.39528,4,1,,0
726,119.40724,32.39525,4,2,,0
727,119.40725,32.39522,4,3,,0
728,119.40731,32.39529,4,1,,0
729,119.40732,32.39525,4,2,,0
730,119.40732,32.39522,4,3,,0
731,119.40739,32.39529,4,1,,0
732,119.40739,32.39526,4,2,,0
733,119.4074,32.39523,4,3,,0
734,119.40746,32.3953,4,1,,0
735,119.40747,32.39527,4,2,,0
736,119.40747,32.39524,4,3,,0
737,119.40753,32.39531,4,1,,0
738,119.40754,32.39528,4,2,,0
739,119.40754,32.39525,4,3,,0
740,119.40761,32.39532,4,1,,0
741,119.40761,32.39528,4,2,,0
742,119.40762,32.39525,4,3,,0
743,119.40768,32.39532,4,1,,0
744,119.40769,32.39529,4,2,,0
745,119.40769,32.39526,4,3,,0
746,119.40776,32.39533,4,1,,0
747,119.40776,32.3953,4,2,,0
748,119.40777,32.39527,4,3,,0
749,119.40783,32.39534,4,1,,0
750,119.40783,32.39531,4,2,,0
751,119.40784,32.39528,4,3,,0
752,119.4079,32.39535,4,1,,0
753,119.40791,32.39531,4,2,,0
754,119.40791,32.39528,4,3,,0
755,119.40798,32.39535,4,1,,0
756,119.40798,32.39532,4,2,,0
757,119.40799,32.39529,4,3,,0
758,119.40805,32.39536,4,1,,0
759,119.40806,32.39533,4,2,,0
760,119.40806,32.3953,4,3,,0
761,119.40813,32.39537,4,1,,0
762,119.40813,32.39534,4,2,,0
763,119.40813,32.39531,4,3,,0
764,119.4082,32.39538,4,1,,0
765,119.4082,32.39534,4,2,,0
766,119.40821,32.39531,4,3,,0
767,119.40827,32.39538,4,1,,0
768,119.40828,32.39535,4,2,,0
769,119.40828,32.39532,4,3,,0
770,119.40835,32.39539,4,1,,0
771,119.40835,32.39536,4,2,,0
772,119.40836,32.39533,4,3,,0
773,119.40842,32.3954,4,1,,0
774,119.40843,32.39537,4,2,,0
775,119.40843,32.39534,4,3,,0
776,119.4085,32.39541,4,1,,0
777,119.4085,32.39537,4,2,,0
778,119.4085,32.39534,4,3,,0
779,119.40857,32.39541,4,1,,0
780,119.40857,32.39538,4,2,,0
781,119.40858,32.39535,4,3,,0
782,119.40864,32.39542,4,1,,0
783,119.40865,32.39539,4,2,,0
784,119.40865,32.39536,4,3,,0
785,119.40872,32.39543,4,1,,0
786,119.40872,32.3954,4,2,,0
787,119.40873,32.39537,4,3,,0
788,119.40879,32.39544,4,1,,0
789,119.4088,32.39541,4,2,,0
790,119.4088,32.39537,4,3,,0
791,119.40886,32.39544,4,1,,0
792,119.40887,32.39541,4,2,,0
793,119.40887,32.39538,4,3,,0
794,119.40894,32.39545,4,1,,0
795,119.40894,32.39542,4,2,,0
796,119.40895,32.39539,4,3,,0
797,119.40901,32.39546,4,1,,0
798,119.40902,32.39543,4,2,,0
799,119.40902,32.3954,4,3,,0
800,119.40909,32.39547,4,1,,0
801,119.40909,32.39544,4,2,,0
802,119.4091,32.3954,4,3,,0
803,119.40916,32.39547,4,1,,0
804,119.40917,32.39544,4,2,,0
805,119.40917,32.39541,4,3,,0
806,119.40923,32.39548,4,1,,0
807,119.40924,32.39545,4,2,,0
808,119.40924,32.39542,4,3,,0
809,119.40931,32.39549,4,1,,0
810,119.40931,32.39546,4,2,,0
811,119.40932,32.39543,4,3,,0
812,119.40938,32.3955,4,1,,0
813,119.40939,32.39547,4,2,,0
814,119.40939,32.39543,4,3,,0
815,119.40946,32.3955,4,1,,0
816,119.40946,32.39547,4,2,,0
817,119.40947,32.39544,4,3,,0
818,119.40953,32.39551,4,1,,0
819,119.40953,32.39548,4,2,,0
820,119.40954,32.39545,4,3,,0
821,119.4096,32.39552,4,1,,0
822,119.40961,32.39549,4,2,,0
823,119.40961,32.39546,4,3,,0
824,119.40968,32.39553,4,1,,0
825,119.40968,32.3955,4,2,,0
826,119.40969,32.39546,4,3,,0
827,119.40975,32.39553,4,1,,0
828,119.40976,32.3955,4,2,,0
829,119.40976,32.39547,4,3,,0
830,119.40983,32.39554,4,1,,0
831,119.40983,32.39551,4,2,,0
832,119.40983,32.39548,4,3,,0
833,119.4099,32.39555,4,1,,0
834,119.4099,32.39552,4,2,,0
835,119.40991,32.39549,4,3,,0
836,119.40998,32.39556,4,1,,0
837,119.40998,32.39553,4,2,,0
838,119.40999,32.3955,4,3,,0
839,119.41046,32.3956,5,1,,0
840,119.41046,32.39557,5,2,,0
841,119.41046,32.39554,5,3,,0
842,119.41053,32.3956,5,1,,0
843,119.41053,32.39557,5,2,,0
844,119.41053,32.39554,5,3,,0
845,119.4106,32.39561,5,1,,0
846,119.41061,32.39558,5,2,,0
847,119.41061,32.39554,5,3,,0
848,119.41068,32.39561,5,1,,0
849,119.41068,32.39558,5,2,,0
850,119.41068,32.39555,5,3,,0
851,119.41075,32.39562,5,1,,0
852,119.41075,32.39558,5,2,,0
853,119.41076,32.39555,5,3,,0
854,119.41083,32.39562,5,1,,0
855,119.41083,32.39559,5,2,,0
856,119.41083,32.39556,5,3,,0
857,119.4109,32.39562,5,1,,0
858,119.4109,32.39559,5,2,,0
859,119.41091,32.39556,5,3,,0
860,119.41097,32.39563,5,1,,0
861,119.41098,32.3956,5,2,,0
862,119.41098,32.39557,5,3,,0
863,119.41105,32.39563,5,1,,0
864,119.41105,32.3956,5,2,,0
865,119.41105,32.39557,5,3,,0
866,119.41112,32.39564,5,1,,0
867,119.41113,32.39561,5,2,,0
868,119.41113,32.39557,5,3,,0
869,119.4112,32.39564,5,1,,0
870,119.4112,32.39561,5,2,,0
871,119.4112,32.39558,5,3,,0
872,119.41127,32.39565,5,1,,0
873,119.41127,32.39561,5,2,,0
874,119.41128,32.39558,5,3,,0
875,119.41135,32.39565,5,1,,0
876,119.41135,32.39562,5,2,,0
877,119.41135,32.39559,5,3,,0
878,119.41142,32.39565,5,1,,0
879,119.41142,32.39562,5,2,,0
880,119.41143,32.39559,5,3,,0
881,119.41149,32.39566,5,1,,0
882,119.4115,32.39563,5,2,,0
883,119.4115,32.3956,5,3,,0
884,119.41157,32.39566,5,1,,0
885,119.41157,32.39563,5,2,,0
886,119.41157,32.3956,5,3,,0
887,119.41164,32.39567,5,1,,0
888,119.41165,32.39564,5,2,,0
889,119.41165,32.3956,5,3,,0
890,119.41172,32.39567,5,1,,0
891,119.41172,32.39564,5,2,,0
892,119.41172,32.39561,5,3,,0
893,119.41179,32.39568,5,1,,0
894,119.41179,32.39564,5,2,,0
895,119.4118,32.39561,5,3,,0
896,119.41187,32.39568,5,1,,0
897,119.41187,32.39565,5,2,,0
898,119.41187,32.39562,5,3,,0
899,119.41194,32.39568,5,1,,0
900,119.41194,32.39565,5,2,,0
901,119.41195,32.39562,5,3,,0
902,119.41201,32.39569,5,1,,0
903,119.41202,32.39566,5,2,,0
904,119.41202,32.39563,5,3,,0
905,119.41209,32.39569,5,1,,0
906,119.41209,32.39566,5,2,,0
907,119.41209,32.39563,5,3,,0
908,119.41216,32.3957,5,1,,0
909,119.41217,32.39567,5,2,,0
910,119.41217,32.39563,5,3,,0
911,119.41224,32.3957,5,1,,0
912,119.41224,32.39567,5,2,,0
913,119.41224,32.39564,5,3,,0
914,119.41231,32.39571,5,1,,0
915,119.41231,32.39567,5,2,,0
916,119.41232,32.39564,5,3,,0
917,119.41239,32.39571,5,1,,0
918,119.41239,32.39568,5,2,,0
919,119.41239,32.39565,5,3,,0
926,119.41253,32.39572,5,1,,0
927,119.41253,32.39569,5,2,,0
928,119.41253,32.39566,5,3,,0
929,119.4126,32.39572,5,1,,0
930,119.4126,32.39569,5,2,,0
931,119.41261,32.39566,5,3,,0
932,119.41268,32.39573,5,1,,0
933,119.41268,32.3957,5,2,,0
934,119.41268,32.39567,5,3,,0
941,119.41281,32.39574,5,1,,0
942,119.41281,32.39571,5,2,,0
943,119.41282,32.39567,5,3,,0
944,119.41289,32.39574,5,1,,0
945,119.41289,32.39571,5,2,,0
946,119.41289,32.39568,5,3,,0
947,119.41296,32.39575,5,1,,0
948,119.41296,32.39572,5,2,,0
949,119.41297,32.39568,5,3,,0
950,119.41303,32.39575,5,1,,0
951,119.41304,32.39572,5,2,,0
952,119.41304,32.39569,5,3,,0
953,119.41311,32.39576,5,1,,0
954,119.41311,32.39573,5,2,,0
955,119.41311,32.39569,5,3,,0
956,119.41318,32.39576,5,1,,0
957,119.41319,32.39573,5,2,,0
958,119.41319,32.3957,5,3,,0
959,119.41326,32.39577,5,1,,0
960,119.41326,32.39573,5,2,,0
961,119.41326,32.3957,5,3,,0
962,119.41333,32.39577,5,1,,0
963,119.41333,32.39574,5,2,,0
964,119.41334,32.39571,5,3,,0
965,119.41341,32.39578,5,1,,0
966,119.41341,32.39574,5,2,,0
967,119.41341,32.39571,5,3,,0
968,119.41348,32.39578,5,1,,0
969,119.41348,32.39575,5,2,,0
970,119.41349,32.39572,5,3,,0
971,119.41355,32.39579,5,1,,0
972,119.41356,32.39575,5,2,,0
973,119.41356,32.39572,5,3,,0
974,119.41363,32.39579,5,1,,0
975,119.41363,32.39576,5,2,,0
976,119.41363,32.39573,5,3,,0
977,119.4137,32.39579,5,1,,0
978,119.41371,32.39576,5,2,,0
979,119.41371,32.39573,5,3,,0
980,119.41378,32.3958,5,1,,0
981,119.41378,32.39577,5,2,,0
982,119.41378,32.39574,5,3,,0
983,119.41385,32.3958,5,1,,0
984,119.41385,32.39577,5,2,,0
985,119.41386,32.39574,5,3,,0
986,119.41393,32.39581,5,1,,0
987,119.41393,32.39578,5,2,,0
988,119.41393,32.39575,5,3,,0
989,119.414,32.39581,5,1,,0
990,119.414,32.39578,5,2,,0
991,119.41401,32.39575,5,3,,0
992,119.41407,32.39582,5,1,,0
993,119.41408,32.39579,5,2,,0
994,119.41408,32.39576,5,3,,0
995,119.41415,32.39582,5,1,,0
996,119.41415,32.39579,5,2,,0
997,119.41415,32.39576,5,3,,0
998,119.41422,32.39583,5,1,,0
999,119.41422,32.3958,5,2,,0
1000,119.41423,32.39576,5,3,,0
1001,119.4143,32.39583,5,1,,0
1002,119.4143,32.3958,5,2,,0
1003,119.4143,32.39577,5,3,,0
1004,119.41437,32.39584,5,1,,0
1005,119.41437,32.39581,5,2,,0
1006,119.41438,32.39577,5,3,,0
1007,119.41444,32.39584,5,1,,0
1008,119.41445,32.39581,5,2,,0
1009,119.41445,32.39578,5,3,,0
1010,119.41452,32.39585,5,1,,0
1011,119.41452,32.39582,5,2,,0
1012,119.41452,32.39578,5,3,,0
1013,119.41459,32.39585,5,1,,0
1014,119.4146,32.39582,5,2,,0
1015,119.4146,32.39579,5,3,,0
1016,119.41467,32.39586,5,1,,0
1017,119.41467,32.39582,5,2,,0
1018,119.41467,32.39579,5,3,,0
1019,119.41474,32.39586,5,1,,0
1020,119.41474,32.39583,5,2,,0
1021,119.41475,32.3958,5,3,,0
1022,119.41482,32.39587,5,1,,0
1023,119.41482,32.39583,5,2,,0
1024,119.41482,32.3958,5,3,,0
1025,119.41489,32.39587,5,1,,0
1026,119.41489,32.39584,5,2,,0
1027,119.4149,32.39581,5,3,,0
1028,119.41496,32.39588,5,1,,0
1029,119.41497,32.39584,5,2,,0
1030,119.41497,32.39581,5,3,,0
1031,119.41504,32.39588,5,1,,0
1032,119.41504,32.39585,5,2,,0
1033,119.41504,32.39582,5,3,,0
1034,119.41511,32.39588,5,1,,0
1035,119.41512,32.39585,5,2,,0
1036,119.41512,32.39582,5,3,,0
1037,119.41519,32.39589,5,1,,0
1038,119.41519,32.39586,5,2,,0
1039,119.41519,32.39583,5,3,,0
1040,119.41526,32.39589,5,1,,0
1041,119.41526,32.39586,5,2,,0
1042,119.41527,32.39583,5,3,,0
1043,119.41534,32.3959,5,1,,0
1044,119.41534,32.39587,5,2,,0
1045,119.41534,32.39584,5,3,,0
1046,119.41541,32.3959,5,1,,0
1047,119.41541,32.39587,5,2,,0
1048,119.41542,32.39584,5,3,,0
1049,119.41548,32.39591,5,1,,0
1050,119.41549,32.39588,5,2,,0
1051,119.41549,32.39585,5,3,,0
1052,119.41556,32.39591,5,1,,0
1053,119.41556,32.39588,5,2,,0
1054,119.41556,32.39585,5,3,,0
1055,119.41563,32.39592,5,1,,0
1056,119.41564,32.39589,5,2,,0
1057,119.41564,32.39585,5,3,,0
1058,119.41571,32.39592,5,1,,0
1059,119.41571,32.39589,5,2,,0
1060,119.41571,32.39586,5,3,,0
1061,119.41578,32.39593,5,1,,0
1062,119.41578,32.3959,5,2,,0
1063,119.41579,32.39586,5,3,,0
1064,119.41585,32.39593,5,1,,0
1065,119.41586,32.3959,5,2,,0
1066,119.41586,32.39587,5,3,,0
1067,119.41593,32.39594,5,1,,0
1068,119.41593,32.39591,5,2,,0
1069,119.41593,32.39587,5,3,,0
1070,119.416,32.39594,5,1,,0
1071,119.41601,32.39591,5,2,,0
1072,119.41601,32.39588,5,3,,0
1073,119.41608,32.39595,5,1,,0
1074,119.41608,32.39591,5,2,,0
1075,119.41608,32.39588,5,3,,0
1076,119.41615,32.39595,5,1,,0
1077,119.41615,32.39592,5,2,,0
1078,119.41616,32.39589,5,3,,0
1079,119.41623,32.39596,5,1,,0
1080,119.41623,32.39592,5,2,,0
1081,119.41623,32.39589,5,3,,0
1082,119.4163,32.39596,5,1,,0
1083,119.4163,32.39593,5,2,,0
1084,119.41631,32.3959,5,3,,0
1085,119.41637,32.39597,5,1,,0
1086,119.41638,32.39593,5,2,,0
1087,119.41638,32.3959,5,3,,0
1088,119.41645,32.39597,5,1,,0
1089,119.41645,32.39594,5,2,,0
1090,119.41645,32.39591,5,3,,0
1091,119.41652,32.39597,5,1,,0
1092,119.41653,32.39594,5,2,,0
1093,119.41653,32.39591,5,3,,0
1094,119.4166,32.39598,5,1,,0
1095,119.4166,32.39595,5,2,,0
1096,119.4166,32.39592,5,3,,0
1097,119.41667,32.39598,5,1,,0
1098,119.41667,32.39595,5,2,,0
1099,119.41668,32.39592,5,3,,0
1100,119.41675,32.39599,5,1,,0
1101,119.41675,32.39596,5,2,,0
1102,119.41675,32.39593,5,3,,0
1103,119.41682,32.39599,5,1,,0
1104,119.41682,32.39596,5,2,,0
1105,119.41683,32.39593,5,3,,0
1106,119.41689,32.396,5,1,,0
1107,119.4169,32.39597,5,2,,0
1108,119.4169,32.39594,5,3,,0
1109,119.41697,32.396,5,1,,0
1110,119.41697,32.39597,5,2,,0
1111,119.41697,32.39594,5,3,,0
1112,119.41704,32.39601,5,1,,0
1113,119.41705,32.39598,5,2,,0
1114,119.41705,32.39594,5,3,,0
1115,119.41712,32.39601,5,1,,0
1116,119.41712,32.39598,5,2,,0
1117,119.41712,32.39595,5,3,,0
1118,119.41719,32.39602,5,1,,0
1119,119.41719,32.39599,5,2,,0
1120,119.4172,32.39595,5,3,,0
1121,119.41727,32.39602,5,1,,0
1122,119.41727,32.39599,5,2,,0
1123,119.41727,32.39596,5,3,,0
1124,119.41734,32.39603,5,1,,0
1125,119.41734,32.396,5,2,,0
1126,119.41734,32.39596,5,3,,0
1127,119.41741,32.39603,5,1,,0
1128,119.41742,32.396,5,2,,0
1129,119.41742,32.39597,5,3,,0
1130,119.41749,32.39604,5,1,,0
1131,119.41749,32.396,5,2,,0
1132,119.41749,32.39597,5,3,,0
1133,119.41756,32.39604,5,1,,0
1134,119.41756,32.39601,5,2,,0
1135,119.41757,32.39598,5,3,,0
1142,119.41771,32.39605,5,1,,0
1143,119.41771,32.39602,5,2,,0
1144,119.41772,32.39599,5,3,,0
1145,119.41779,32.39605,5,1,,0
1146,119.41779,32.39602,5,2,,0
1147,119.41779,32.39599,5,3,,0
1148,119.41786,32.39606,5,1,,0
1149,119.41786,32.39603,5,2,,0
1150,119.41787,32.39599,5,3,,0
1151,119.41793,32.39606,5,1,,0
1152,119.41794,32.39603,5,2,,0
1153,119.41794,32.396,5,3,,0
1154,119.41801,32.39607,5,1,,0
1155,119.41801,32.39603,5,2,,0
1156,119.41801,32.396,5,3,,0
1157,119.41808,32.39607,5,1,,0
1158,119.41809,32.39604,5,2,,0
1159,119.41809,32.39601,5,3,,0
1160,119.41816,32.39607,5,1,,0
1161,119.41816,32.39604,5,2,,0
1162,119.41816,32.39601,5,3,,0
1163,119.41823,32.39608,5,1,,0
1164,119.41823,32.39605,5,2,,0
1165,119.41824,32.39602,5,3,,0
1166,119.41831,32.39608,5,1,,0
1167,119.41831,32.39605,5,2,,0
1168,119.41831,32.39602,5,3,,0
1169,119.41838,32.39609,5,1,,0
1170,119.41838,32.39606,5,2,,0
1171,119.41838,32.39602,5,3,,0
1172,119.41845,32.39609,5,1,,0
1173,119.41846,32.39606,5,2,,0
1174,119.41846,32.39603,5,3,,0
1175,119.41853,32.3961,5,1,,0
1176,119.41853,32.39606,5,2,,0
1177,119.41853,32.39603,5,3,,0
1178,119.4186,32.3961,5,1,,0
1179,119.41861,32.39607,5,2,,0
1180,119.41861,32.39604,5,3,,0
1181,119.41868,32.3961,5,1,,0
1182,119.41868,32.39607,5,2,,0
1183,119.41868,32.39604,5,3,,0
1184,119.41875,32.39611,5,1,,0
1185,119.41875,32.39608,5,2,,0
1186,119.41876,32.39604,5,3,,0
1187,119.41883,32.39611,5,1,,0
1188,119.41883,32.39608,5,2,,0
1189,119.41883,32.39605,5,3,,0
1190,119.4189,32.39612,5,1,,0
1191,119.4189,32.39608,5,2,,0
1192,119.4189,32.39605,5,3,,0
1193,119.41897,32.39612,5,1,,0
1194,119.41898,32.39609,5,2,,0
1195,119.41898,32.39606,5,3,,0
1196,119.41905,32.39612,5,1,,0
1197,119.41905,32.39609,5,2,,0
1198,119.41905,32.39606,5,3,,0
1199,119.41912,32.39613,5,1,,0
1200,119.41913,32.3961,5,2,,0
1201,119.41913,32.39607,5,3,,0
1202,119.4192,32.39613,5,1,,0
1203,119.4192,32.3961,5,2,,0
1204,119.4192,32.39607,5,3,,0
1205,119.41927,32.39614,5,1,,0
1206,119.41927,32.3961,5,2,,0
1207,119.41928,32.39607,5,3,,0
1208,119.41935,32.39614,5,1,,0
1209,119.41935,32.39611,5,2,,0
1210,119.41935,32.39608,5,3,,0
1211,119.41245,32.39571,5,1,,0
1212,119.41246,32.39568,5,2,,0
1213,119.41246,32.39565,5,3,,0
1214,119.41274,32.39573,5,1,,0
1215,119.41274,32.3957,5,2,,0
1216,119.41274,32.39567,5,3,,0
1217,119.41764,32.39605,5,1,,0
1218,119.41764,32.39601,5,2,,0
1219,119.41764,32.39598,5,3,,0
1220,119.41929,32.39619,6,1,,0
1221,119.41929,32.39622,6,2,,0
1222,119.41929,32.39625,6,3,,0
1223,119.41922,32.39618,6,1,,0
1224,119.41921,32.39621,6,2,,0
1225,119.41921,32.39624,6,3,,0
1226,119.41914,32.39618,6,1,,0
1227,119.41914,32.39621,6,2,,0
1228,119.41914,32.39624,6,3,,0
1229,119.41907,32.39617,6,1,,0
1230,119.41907,32.3962,6,2,,0
1231,119.41906,32.39623,6,3,,0
1232,119.41899,32.39617,6,1,,0
1233,119.41899,32.3962,6,2,,0
1234,119.41899,32.39623,6,3,,0
1235,119.41892,32.39616,6,1,,0
1236,119.41892,32.39619,6,2,,0
1237,119.41891,32.39622,6,3,,0
1238,119.41885,32.39616,6,1,,0
1239,119.41884,32.39619,6,2,,0
1240,119.41884,32.39622,6,3,,0
1241,119.41877,32.39615,6,1,,0
1242,119.41877,32.39618,6,2,,0
1243,119.41877,32.39621,6,3,,0
1244,119.4187,32.39615,6,1,,0
1245,119.41869,32.39618,6,2,,0
1246,119.41869,32.39621,6,3,,0
1247,119.41862,32.39614,6,1,,0
1248,119.41862,32.39617,6,2,,0
1249,119.41862,32.3962,6,3,,0
1250,119.41855,32.39614,6,1,,0
1251,119.41855,32.39617,6,2,,0
1252,119.41854,32.3962,6,3,,0
1253,119.41847,32.39613,6,1,,0
1254,119.41847,32.39616,6,2,,0
1255,119.41847,32.39619,6,3,,0
1256,119.4184,32.39613,6,1,,0
1257,119.4184,32.39616,6,2,,0
1258,119.41839,32.39619,6,3,,0
1259,119.41833,32.39612,6,1,,0
1260,119.41832,32.39615,6,2,,0
1261,119.41832,32.39618,6,3,,0
1262,119.41825,32.39612,6,1,,0
1263,119.41825,32.39615,6,2,,0
1264,119.41825,32.39618,6,3,,0
1265,119.41818,32.39611,6,1,,0
1266,119.41818,32.39614,6,2,,0
1267,119.41817,32.39617,6,3,,0
1268,119.4181,32.39611,6,1,,0
1269,119.4181,32.39614,6,2,,0
1270,119.4181,32.39617,6,3,,0
1271,119.41803,32.3961,6,1,,0
1272,119.41803,32.39613,6,2,,0
1273,119.41802,32.39616,6,3,,0
1274,119.41796,32.3961,6,1,,0
1275,119.41795,32.39613,6,2,,0
1276,119.41795,32.39616,6,3,,0
1277,119.41788,32.39609,6,1,,0
1278,119.41788,32.39612,6,2,,0
1279,119.41788,32.39615,6,3,,0
1280,119.41781,32.39609,6,1,,0
1281,119.4178,32.39612,6,2,,0
1282,119.4178,32.39615,6,3,,0
1283,119.41773,32.39608,6,1,,0
1284,119.41773,32.39611,6,2,,0
1285,119.41773,32.39614,6,3,,0
1292,119.41756,32.39607,6,1,,0
1293,119.41756,32.3961,6,2,,0
1294,119.41755,32.39613,6,3,,0
1295,119.41748,32.39607,6,1,,0
1296,119.41748,32.3961,6,2,,0
1297,119.41748,32.39613,6,3,,0
1298,119.41741,32.39606,6,1,,0
1299,119.41741,32.39609,6,2,,0
1300,119.4174,32.39612,6,3,,0
1301,119.41734,32.39606,6,1,,0
1302,119.41733,32.39609,6,2,,0
1303,119.41733,32.39612,6,3,,0
1304,119.41726,32.39605,6,1,,0
1305,119.41726,32.39608,6,2,,0
1306,119.41726,32.39611,6,3,,0
1307,119.41719,32.39605,6,1,,0
1308,119.41718,32.39608,6,2,,0
1309,119.41718,32.39611,6,3,,0
1310,119.41711,32.39604,6,1,,0
1311,119.41711,32.39607,6,2,,0
1312,119.41711,32.39611,6,3,,0
1313,119.41704,32.39604,6,1,,0
1314,119.41704,32.39607,6,2,,0
1315,119.41703,32.3961,6,3,,0
1316,119.41696,32.39603,6,1,,0
1317,119.41696,32.39607,6,2,,0
1318,119.41696,32.3961,6,3,,0
1319,119.41689,32.39603,6,1,,0
1320,119.41689,32.39606,6,2,,0
1321,119.41689,32.39609,6,3,,0
1322,119.41682,32.39602,6,1,,0
1323,119.41681,32.39606,6,2,,0
1324,119.41681,32.39609,6,3,,0
1325,119.41674,32.39602,6,1,,0
1326,119.41674,32.39605,6,2,,0
1327,119.41674,32.39608,6,3,,0
1328,119.41667,32.39602,6,1,,0
1329,119.41667,32.39605,6,2,,0
1330,119.41666,32.39608,6,3,,0
1331,119.41659,32.39601,6,1,,0
1332,119.41659,32.39604,6,2,,0
1333,119.41659,32.39607,6,3,,0
1334,119.41652,32.39601,6,1,,0
1335,119.41652,32.39604,6,2,,0
1336,119.41651,32.39607,6,3,,0
1337,119.41645,32.396,6,1,,0
1338,119.41644,32.39603,6,2,,0
1339,119.41644,32.39606,6,3,,0
1340,119.41637,32.396,6,1,,0
1341,119.41637,32.39603,6,2,,0
1342,119.41637,32.39606,6,3,,0
1343,119.4163,32.39599,6,1,,0
1344,119.41629,32.39602,6,2,,0
1345,119.41629,32.39606,6,3,,0
1346,119.41622,32.39599,6,1,,0
1347,119.41622,32.39602,6,2,,0
1348,119.41622,32.39605,6,3,,0
1349,119.41615,32.39598,6,1,,0
1350,119.41615,32.39602,6,2,,0
1351,119.41614,32.39605,6,3,,0
1352,119.41607,32.39598,6,1,,0
1353,119.41607,32.39601,6,2,,0
1354,119.41607,32.39604,6,3,,0
1355,119.416,32.39597,6,1,,0
1356,119.416,32.39601,6,2,,0
1357,119.41599,32.39604,6,3,,0
1358,119.41593,32.39597,6,1,,0
1359,119.41592,32.396,6,2,,0
1360,119.41592,32.39603,6,3,,0
1361,119.41585,32.39597,6,1,,0
1362,119.41585,32.396,6,2,,0
1363,119.41585,32.39603,6,3,,0
1364,119.41578,32.39596,6,1,,0
1365,119.41577,32.39599,6,2,,0
1366,119.41577,32.39602,6,3,,0
1367,119.4157,32.39596,6,1,,0
1368,119.4157,32.39599,6,2,,0
1369,119.4157,32.39602,6,3,,0
1370,119.41563,32.39595,6,1,,0
1371,119.41563,32.39598,6,2,,0
1372,119.41562,32.39602,6,3,,0
1373,119.41555,32.39595,6,1,,0
1374,119.41555,32.39598,6,2,,0
1375,119.41555,32.39601,6,3,,0
1376,119.41548,32.39594,6,1,,0
1377,119.41548,32.39597,6,2,,0
1378,119.41547,32.39601,6,3,,0
1379,119.41541,32.39594,6,1,,0
1380,119.4154,32.39597,6,2,,0
1381,119.4154,32.396,6,3,,0
1382,119.41533,32.39593,6,1,,0
1383,119.41533,32.39597,6,2,,0
1384,119.41533,32.396,6,3,,0
1385,119.41526,32.39593,6,1,,0
1386,119.41525,32.39596,6,2,,0
1387,119.41525,32.39599,6,3,,0
1388,119.41518,32.39592,6,1,,0
1389,119.41518,32.39596,6,2,,0
1390,119.41518,32.39599,6,3,,0
1391,119.41511,32.39592,6,1,,0
1392,119.41511,32.39595,6,2,,0
1393,119.4151,32.39598,6,3,,0
1394,119.41503,32.39592,6,1,,0
1395,119.41503,32.39595,6,2,,0
1396,119.41503,32.39598,6,3,,0
1397,119.41496,32.39591,6,1,,0
1398,119.41496,32.39594,6,2,,0
1399,119.41496,32.39597,6,3,,0
1400,119.41489,32.39591,6,1,,0
1401,119.41488,32.39594,6,2,,0
1402,119.41488,32.39597,6,3,,0
1403,119.41481,32.3959,6,1,,0
1404,119.41481,32.39593,6,2,,0
1405,119.41481,32.39597,6,3,,0
1406,119.41474,32.3959,6,1,,0
1407,119.41473,32.39593,6,2,,0
1408,119.41473,32.39596,6,3,,0
1409,119.41466,32.39589,6,1,,0
1410,119.41466,32.39592,6,2,,0
1411,119.41466,32.39596,6,3,,0
1412,119.41459,32.39589,6,1,,0
1413,119.41459,32.39592,6,2,,0
1414,119.41458,32.39595,6,3,,0
1415,119.41451,32.39588,6,1,,0
1416,119.41451,32.39592,6,2,,0
1417,119.41451,32.39595,6,3,,0
1418,119.41444,32.39588,6,1,,0
1419,119.41444,32.39591,6,2,,0
1420,119.41444,32.39594,6,3,,0
1421,119.41437,32.39588,6,1,,0
1422,119.41436,32.39591,6,2,,0
1423,119.41436,32.39594,6,3,,0
1424,119.41429,32.39587,6,1,,0
1425,119.41429,32.3959,6,2,,0
1426,119.41429,32.39593,6,3,,0
1427,119.41422,32.39587,6,1,,0
1428,119.41422,32.3959,6,2,,0
1429,119.41421,32.39593,6,3,,0
1430,119.41414,32.39586,6,1,,0
1431,119.41414,32.39589,6,2,,0
1432,119.41414,32.39592,6,3,,0
1433,119.41407,32.39586,6,1,,0
1434,119.41407,32.39589,6,2,,0
1435,119.41406,32.39592,6,3,,0
1436,119.414,32.39585,6,1,,0
1437,119.41399,32.39588,6,2,,0
1438,119.41399,32.39592,6,3,,0
1439,119.41392,32.39585,6,1,,0
1440,119.41392,32.39588,6,2,,0
1441,119.41392,32.39591,6,3,,0
1442,119.41385,32.39584,6,1,,0
1443,119.41384,32.39587,6,2,,0
1444,119.41384,32.39591,6,3,,0
1445,119.41377,32.39584,6,1,,0
1446,119.41377,32.39587,6,2,,0
1447,119.41377,32.3959,6,3,,0
1448,119.4137,32.39583,6,1,,0
1449,119.4137,32.39587,6,2,,0
1450,119.41369,32.3959,6,3,,0
1451,119.41362,32.39583,6,1,,0
1452,119.41362,32.39586,6,2,,0
1453,119.41362,32.39589,6,3,,0
1454,119.41355,32.39583,6,1,,0
1455,119.41355,32.39586,6,2,,0
1456,119.41354,32.39589,6,3,,0
1457,119.41348,32.39582,6,1,,0
1458,119.41347,32.39585,6,2,,0
1459,119.41347,32.39588,6,3,,0
1460,119.4134,32.39582,6,1,,0
1461,119.4134,32.39585,6,2,,0
1462,119.4134,32.39588,6,3,,0
1463,119.41333,32.39581,6,1,,0
1464,119.41332,32.39584,6,2,,0
1465,119.41332,32.39587,6,3,,0
1466,119.41325,32.39581,6,1,,0
1467,119.41325,32.39584,6,2,,0
1468,119.41325,32.39587,6,3,,0
1469,119.41318,32.3958,6,1,,0
1470,119.41318,32.39583,6,2,,0
1471,119.41317,32.39587,6,3,,0
1472,119.4131,32.3958,6,1,,0
1473,119.4131,32.39583,6,2,,0
1474,119.4131,32.39586,6,3,,0
1475,119.41303,32.39579,6,1,,0
1476,119.41303,32.39583,6,2,,0
1477,119.41302,32.39586,6,3,,0
1478,119.41296,32.39579,6,1,,0
1479,119.41295,32.39582,6,2,,0
1480,119.41295,32.39585,6,3,,0
1481,119.41288,32.39578,6,1,,0
1482,119.41288,32.39582,6,2,,0
1483,119.41288,32.39585,6,3,,0
1484,119.41281,32.39578,6,1,,0
1485,119.4128,32.39581,6,2,,0
1486,119.4128,32.39584,6,3,,0
1493,119.41265,32.39577,6,1,,0
1494,119.41265,32.3958,6,2,,0
1495,119.41265,32.39583,6,3,,0
1496,119.41258,32.39577,6,1,,0
1497,119.41257,32.3958,6,2,,0
1498,119.41257,32.39583,6,3,,0
1499,119.4125,32.39576,6,1,,0
1500,119.4125,32.39579,6,2,,0
1501,119.4125,32.39582,6,3,,0
1508,119.41237,32.39575,6,1,,0
1509,119.41237,32.39578,6,2,,0
1510,119.41237,32.39582,6,3,,0
1511,119.4123,32.39575,6,1,,0
1512,119.41229,32.39578,6,2,,0
1513,119.41229,32.39581,6,3,,0
1514,119.41222,32.39574,6,1,,0
1515,119.41222,32.39578,6,2,,0
1516,119.41222,32.39581,6,3,,0
1517,119.41215,32.39574,6,1,,0
1518,119.41215,32.39577,6,2,,0
1519,119.41214,32.3958,6,3,,0
1520,119.41207,32.39574,6,1,,0
1521,119.41207,32.39577,6,2,,0
1522,119.41207,32.3958,6,3,,0
1523,119.412,32.39573,6,1,,0
1524,119.412,32.39576,6,2,,0
1525,119.41199,32.39579,6,3,,0
1526,119.41193,32.39573,6,1,,0
1527,119.41192,32.39576,6,2,,0
1528,119.41192,32.39579,6,3,,0
1529,119.41185,32.39572,6,1,,0
1530,119.41185,32.39575,6,2,,0
1531,119.41185,32.39578,6,3,,0
1532,119.41178,32.39572,6,1,,0
1533,119.41177,32.39575,6,2,,0
1534,119.41177,32.39578,6,3,,0
1535,119.4117,32.39571,6,1,,0
1536,119.4117,32.39574,6,2,,0
1537,119.4117,32.39578,6,3,,0
1538,119.41163,32.39571,6,1,,0
1539,119.41163,32.39574,6,2,,0
1540,119.41162,32.39577,6,3,,0
1541,119.41155,32.3957,6,1,,0
1542,119.41155,32.39573,6,2,,0
1543,119.41155,32.39577,6,3,,0
1544,119.41148,32.3957,6,1,,0
1545,119.41148,32.39573,6,2,,0
1546,119.41147,32.39576,6,3,,0
1547,119.41141,32.39569,6,1,,0
1548,119.4114,32.39573,6,2,,0
1549,119.4114,32.39576,6,3,,0
1550,119.41133,32.39569,6,1,,0
1551,119.41133,32.39572,6,2,,0
1552,119.41133,32.39575,6,3,,0
1553,119.41126,32.39569,6,1,,0
1554,119.41125,32.39572,6,2,,0
1555,119.41125,32.39575,6,3,,0
1556,119.41118,32.39568,6,1,,0
1557,119.41118,32.39571,6,2,,0
1558,119.41118,32.39574,6,3,,0
1559,119.41111,32.39568,6,1,,0
1560,119.41111,32.39571,6,2,,0
1561,119.4111,32.39574,6,3,,0
1562,119.41103,32.39567,6,1,,0
1563,119.41103,32.3957,6,2,,0
1564,119.41103,32.39573,6,3,,0
1571,119.41088,32.39566,6,1,,0
1572,119.41088,32.39569,6,2,,0
1573,119.41088,32.39573,6,3,,0
1574,119.41081,32.39566,6,1,,0
1575,119.41081,32.39569,6,2,,0
1576,119.41081,32.39572,6,3,,0
1577,119.41074,32.39565,6,1,,0
1578,119.41073,32.39568,6,2,,0
1579,119.41073,32.39572,6,3,,0
1580,119.41066,32.39565,6,1,,0
1581,119.41066,32.39568,6,2,,0
1582,119.41066,32.39571,6,3,,0
1583,119.41059,32.39564,6,1,,0
1584,119.41059,32.39568,6,2,,0
1585,119.41058,32.39571,6,3,,0
1586,119.41051,32.39564,6,1,,0
1587,119.41051,32.39567,6,2,,0
1588,119.41051,32.3957,6,3,,0
1589,119.41045,32.39564,6,1,,0
1590,119.41044,32.39567,6,2,,0
1591,119.41044,32.3957,6,3,,0
1592,119.41763,32.39607,6,1,,0
1593,119.41763,32.39611,6,2,,0
1594,119.41763,32.39614,6,3,,0
1595,119.41273,32.39578,6,1,,0
1596,119.41272,32.39581,6,2,,0
1597,119.41272,32.39584,6,3,,0
1598,119.41244,32.39576,6,1,,0
1599,119.41244,32.39579,6,2,,0
1600,119.41244,32.39582,6,3,,0
1601,119.41096,32.39567,6,1,,0
1602,119.41096,32.3957,6,2,,0
1603,119.41095,32.39573,6,3,,0
1608,119.41031,32.39438,7,1,,0
1609,119.41028,32.39438,7,2,,0
1610,119.41024,32.39438,7,3,,0
1611,119.4102,32.39438,7,4,,0
1612,119.41032,32.39432,7,1,,0
1613,119.41028,32.39432,7,2,,0
1614,119.41025,32.39432,7,3,,0
1615,119.41021,32.39431,7,4,,0
1616,119.41033,32.39426,7,1,,0
1617,119.41029,32.39426,7,2,,0
1618,119.41025,32.39425,7,3,,0
1619,119.41022,32.39425,7,4,,0
1620,119.41033,32.39419,7,1,,0
1621,119.4103,32.39419,7,2,,0
1622,119.41026,32.39419,7,3,,0
1623,119.41022,32.39419,7,4,,0
1624,119.41034,32.39413,7,1,,0
1625,119.4103,32.39413,7,2,,0
1626,119.41027,32.39413,7,3,,0
1627,119.41023,32.39412,7,4,,0
1628,119.41035,32.39407,7,1,,0
1629,119.41031,32.39407,7,2,,0
1630,119.41027,32.39406,7,3,,0
1631,119.41023,32.39406,7,4,,0
1632,119.41035,32.39401,7,1,,0
1633,119.41032,32.394,7,2,,0
1634,119.41028,32.394,7,3,,0
1635,119.41024,32.394,7,4,,0
1636,119.41036,32.39394,7,1,,0
1637,119.41032,32.39394,7,2,,0
1638,119.41028,32.39394,7,3,,0
1639,119.41025,32.39394,7,4,,0
1640,119.41037,32.39388,7,1,,0
1641,119.41033,32.39388,7,2,,0
1642,119.41029,32.39387,7,3,,0
1643,119.41025,32.39387,7,4,,0
1644,119.41037,32.39382,7,1,,0
1645,119.41033,32.39381,7,2,,0
1646,119.4103,32.39381,7,3,,0
1647,119.41026,32.39381,7,4,,0
1648,119.41038,32.39375,7,1,,0
1649,119.41034,32.39375,7,2,,0
1650,119.4103,32.39375,7,3,,0
1651,119.41027,32.39375,7,4,,0
1652,119.41038,32.39369,7,1,,0
1653,119.41035,32.39369,7,2,,0
1654,119.41031,32.39369,7,3,,0
1655,119.41027,32.39368,7,4,,0
1656,119.41039,32.39363,7,1,,0
1657,119.41035,32.39363,7,2,,0
1658,119.41032,32.39362,7,3,,0
1659,119.41028,32.39362,7,4,,0
1660,119.4104,32.39357,7,1,,0
1661,119.41036,32.39356,7,2,,0
1662,119.41032,32.39356,7,3,,0
1663,119.41029,32.39356,7,4,,0
1664,119.4104,32.3935,7,1,,0
1665,119.41037,32.3935,7,2,,0
1666,119.41033,32.3935,7,3,,0
1667,119.41029,32.39349,7,4,,0
1668,119.41041,32.39344,7,1,,0
1669,119.41037,32.39344,7,2,,0
1670,119.41034,32.39343,7,3,,0
1671,119.4103,32.39343,7,4,,0
1672,119.41042,32.39338,7,1,,0
1673,119.41038,32.39337,7,2,,0
1674,119.41034,32.39337,7,3,,0
1675,119.41031,32.39337,7,4,,0
1676,119.41042,32.39331,7,1,,0
1677,119.41039,32.39331,7,2,,0
1678,119.41035,32.39331,7,3,,0
1679,119.41031,32.39331,7,4,,0
1680,119.41043,32.39325,7,1,,0
1681,119.41039,32.39325,7,2,,0
1682,119.41036,32.39325,7,3,,0
1683,119.41032,32.39324,7,4,,0
1684,119.41044,32.39319,7,1,,0
1685,119.4104,32.39319,7,2,,0
1686,119.41036,32.39318,7,3,,0
1687,119.41032,32.39318,7,4,,0
1688,119.41044,32.39313,7,1,,0
1689,119.41041,32.39312,7,2,,0
1690,119.41037,32.39312,7,3,,0
1691,119.41033,32.39312,7,4,,0
1692,119.41045,32.39306,7,1,,0
1693,119.41041,32.39306,7,2,,0
1694,119.41037,32.39306,7,3,,0
1695,119.41034,32.39305,7,4,,0
1696,119.41046,32.393,7,1,,0
1697,119.41042,32.393,7,2,,0
1698,119.41038,32.39299,7,3,,0
1699,119.41034,32.39299,7,4,,0
1700,119.41046,32.39294,7,1,,0
1701,119.41042,32.39293,7,2,,0
1702,119.41039,32.39293,7,3,,0
1703,119.41035,32.39293,7,4,,0
1704,119.41047,32.39287,7,1,,0
1705,119.41043,32.39287,7,2,,0
1706,119.41039,32.39287,7,3,,0
1707,119.41036,32.39287,7,4,,0
1708,119.41047,32.39281,7,1,,0
1709,119.41044,32.39281,7,2,,0
1710,119.4104,32.39281,7,3,,0
1711,119.41036,32.3928,7,4,,0
1712,119.41048,32.39275,7,1,,0
1713,119.41044,32.39275,7,2,,0
1714,119.41041,32.39274,7,3,,0
1715,119.41037,32.39274,7,4,,0
1724,119.41049,32.39264,7,1,,0
1725,119.41045,32.39264,7,2,,0
1726,119.41042,32.39263,7,3,,0
1727,119.41038,32.39263,7,4,,0
1736,119.41051,32.39249,7,1,,0
1737,119.41047,32.39249,7,2,,0
1738,119.41043,32.39248,7,3,,0
1739,119.4104,32.39248,7,4,,0
1740,119.41051,32.39243,7,1,,0
1741,119.41048,32.39243,7,2,,0
1742,119.41044,32.39242,7,3,,0
1743,119.4104,32.39242,7,4,,0
1744,119.41052,32.39237,7,1,,0
1745,119.41048,32.39236,7,2,,0
1746,119.41045,32.39236,7,3,,0
1747,119.41041,32.39236,7,4,,0
1748,119.41053,32.3923,7,1,,0
1749,119.41049,32.3923,7,2,,0
1750,119.41045,32.3923,7,3,,0
1751,119.41042,32.39229,7,4,,0
1752,119.41054,32.39224,7,1,,0
1753,119.4105,32.39224,7,2,,0
1754,119.41046,32.39223,7,3,,0
1755,119.41043,32.39223,7,4,,0
1756,119.41054,32.39218,7,1,,0
1757,119.41051,32.39217,7,2,,0
1758,119.41047,32.39217,7,3,,0
1759,119.41043,32.39217,7,4,,0
1760,119.41055,32.39211,7,1,,0
1761,119.41051,32.39211,7,2,,0
1762,119.41048,32.39211,7,3,,0
1763,119.41044,32.3921,7,4,,0
1764,119.41056,32.39205,7,1,,0
1765,119.41052,32.39205,7,2,,0
1766,119.41049,32.39205,7,3,,0
1767,119.41045,32.39204,7,4,,0
1768,119.41057,32.39199,7,1,,0
1769,119.41053,32.39199,7,2,,0
1770,119.41049,32.39198,7,3,,0
1771,119.41046,32.39198,7,4,,0
1772,119.41057,32.39193,7,1,,0
1773,119.41054,32.39192,7,2,,0
1774,119.4105,32.39192,7,3,,0
1775,119.41046,32.39192,7,4,,0
1776,119.41058,32.39186,7,1,,0
1777,119.41054,32.39186,7,2,,0
1778,119.41051,32.39186,7,3,,0
1779,119.41047,32.39185,7,4,,0
1780,119.41059,32.3918,7,1,,0
1781,119.41055,32.3918,7,2,,0
1782,119.41052,32.39179,7,3,,0
1783,119.41048,32.39179,7,4,,0
1784,119.4106,32.39174,7,1,,0
1785,119.41056,32.39173,7,2,,0
1786,119.41052,32.39173,7,3,,0
1787,119.41049,32.39173,7,4,,0
1788,119.4106,32.39167,7,1,,0
1789,119.41057,32.39167,7,2,,0
1790,119.41053,32.39167,7,3,,0
1791,119.41049,32.39166,7,4,,0
1792,119.41061,32.39161,7,1,,0
1793,119.41057,32.39161,7,2,,0
1794,119.41054,32.39161,7,3,,0
1795,119.4105,32.3916,7,4,,0
1796,119.41062,32.39155,7,1,,0
1797,119.41058,32.39155,7,2,,0
1798,119.41055,32.39154,7,3,,0
1799,119.41051,32.39154,7,4,,0
1800,119.41063,32.39149,7,1,,0
1801,119.41059,32.39148,7,2,,0
1802,119.41055,32.39148,7,3,,0
1803,119.41052,32.39148,7,4,,0
1804,119.41063,32.39142,7,1,,0
1805,119.4106,32.39142,7,2,,0
1806,119.41056,32.39142,7,3,,0
1807,119.41052,32.39141,7,4,,0
1808,119.41064,32.39136,7,1,,0
1809,119.4106,32.39136,7,2,,0
1810,119.41057,32.39135,7,3,,0
1811,119.41053,32.39135,7,4,,0
1820,119.41066,32.39122,7,1,,0
1821,119.41062,32.39122,7,2,,0
1822,119.41058,32.39121,7,3,,0
1823,119.41055,32.39121,7,4,,0
1824,119.41067,32.39114,7,1,,0
1825,119.41063,32.39114,7,2,,0
1826,119.41059,32.39114,7,3,,0
1827,119.41055,32.39114,7,4,,0
1828,119.41049,32.3927,7,1,,0
1829,119.41045,32.3927,7,2,,0
1830,119.41041,32.3927,7,3,,0
1831,119.41037,32.39269,7,4,,0
1832,119.4105,32.39255,7,1,,0
1833,119.41046,32.39255,7,2,,0
1834,119.41042,32.39255,7,3,,0
1835,119.41039,32.39255,7,4,,0
1836,119.41065,32.39128,7,1,,0
1837,119.41061,32.39128,7,2,,0
1838,119.41058,32.39128,7,3,,0
1839,119.41054,32.39127,7,4,,0
1840,119.4107,32.39115,8,1,,0
1841,119.41074,32.39115,8,2,,0
1842,119.41078,32.39115,8,3,,0
1843,119.41082,32.39116,8,4,,0
1844,119.4107,32.39121,8,1,,0
1845,119.41073,32.39121,8,2,,0
1846,119.41077,32.39122,8,3,,0
1847,119.41081,32.39122,8,4,,0
1848,119.41069,32.39127,8,1,,0
1849,119.41073,32.39128,8,2,,0
1850,119.41077,32.39128,8,3,,0
1851,119.4108,32.39128,8,4,,0
1852,119.41068,32.39134,8,1,,0
1853,119.41072,32.39134,8,2,,0
1854,119.41076,32.39134,8,3,,0
1855,119.4108,32.39135,8,4,,0
1856,119.41068,32.3914,8,1,,0
1857,119.41072,32.3914,8,2,,0
1858,119.41075,32.39141,8,3,,0
1859,119.41079,32.39141,8,4,,0
1860,119.41067,32.39146,8,1,,0
1861,119.41071,32.39147,8,2,,0
1862,119.41075,32.39147,8,3,,0
1863,119.41078,32.39147,8,4,,0
1864,119.41067,32.39153,8,1,,0
1865,119.4107,32.39153,8,2,,0
1866,119.41074,32.39153,8,3,,0
1867,119.41078,32.39153,8,4,,0
1868,119.41066,32.39159,8,1,,0
1869,119.4107,32.39159,8,2,,0
1870,119.41073,32.39159,8,3,,0
1871,119.41077,32.3916,8,4,,0
1872,119.41065,32.39165,8,1,,0
1873,119.41069,32.39165,8,2,,0
1874,119.41073,32.39166,8,3,,0
1875,119.41076,32.39166,8,4,,0
1876,119.41065,32.39172,8,1,,0
1877,119.41068,32.39172,8,2,,0
1878,119.41072,32.39172,8,3,,0
1879,119.41076,32.39172,8,4,,0
1880,119.41064,32.39178,8,1,,0
1881,119.41068,32.39178,8,2,,0
1882,119.41071,32.39178,8,3,,0
1883,119.41075,32.39179,8,4,,0
1884,119.41063,32.39184,8,1,,0
1885,119.41067,32.39184,8,2,,0
1886,119.41071,32.39185,8,3,,0
1887,119.41075,32.39185,8,4,,0
1888,119.41063,32.3919,8,1,,0
1889,119.41067,32.39191,8,2,,0
1890,119.4107,32.39191,8,3,,0
1891,119.41074,32.39191,8,4,,0
1892,119.41062,32.39197,8,1,,0
1893,119.41066,32.39197,8,2,,0
1894,119.4107,32.39197,8,3,,0
1895,119.41073,32.39197,8,4,,0
1896,119.41062,32.39203,8,1,,0
1897,119.41065,32.39203,8,2,,0
1898,119.41069,32.39203,8,3,,0
1899,119.41073,32.39204,8,4,,0
1900,119.41061,32.39209,8,1,,0
1901,119.41065,32.3921,8,2,,0
1902,119.41068,32.3921,8,3,,0
1903,119.41072,32.3921,8,4,,0
1904,119.4106,32.39216,8,1,,0
1905,119.41064,32.39216,8,2,,0
1906,119.41068,32.39216,8,3,,0
1907,119.41071,32.39216,8,4,,0
1908,119.4106,32.39222,8,1,,0
1909,119.41063,32.39222,8,2,,0
1910,119.41067,32.39222,8,3,,0
1911,119.41071,32.39223,8,4,,0
1912,119.41059,32.39228,8,1,,0
1913,119.41063,32.39228,8,2,,0
1914,119.41066,32.39229,8,3,,0
1915,119.4107,32.39229,8,4,,0
1916,119.41058,32.39234,8,1,,0
1917,119.41062,32.39235,8,2,,0
1918,119.41066,32.39235,8,3,,0
1919,119.4107,32.39235,8,4,,0
1920,119.41058,32.39241,8,1,,0
1921,119.41061,32.39241,8,2,,0
1922,119.41065,32.39241,8,3,,0
1923,119.41069,32.39242,8,4,,0
1924,119.41057,32.39247,8,1,,0
1925,119.41061,32.39247,8,2,,0
1926,119.41065,32.39248,8,3,,0
1927,119.41068,32.39248,8,4,,0
1936,119.41056,32.39262,8,1,,0
1937,119.41059,32.39263,8,2,,0
1938,119.41063,32.39263,8,3,,0
1939,119.41067,32.39263,8,4,,0
1948,119.41054,32.39277,8,1,,0
1949,119.41058,32.39278,8,2,,0
1950,119.41062,32.39278,8,3,,0
1951,119.41065,32.39278,8,4,,0
1952,119.41054,32.39284,8,1,,0
1953,119.41057,32.39284,8,2,,0
1954,119.41061,32.39284,8,3,,0
1955,119.41065,32.39284,8,4,,0
1956,119.41053,32.3929,8,1,,0
1957,119.41057,32.3929,8,2,,0
1958,119.4106,32.3929,8,3,,0
1959,119.41064,32.39291,8,4,,0
1960,119.41052,32.39296,8,1,,0
1961,119.41056,32.39296,8,2,,0
1962,119.4106,32.39297,8,3,,0
1963,119.41063,32.39297,8,4,,0
1964,119.41052,32.39302,8,1,,0
1965,119.41055,32.39303,8,2,,0
1966,119.41059,32.39303,8,3,,0
1967,119.41063,32.39303,8,4,,0
1968,119.41051,32.39309,8,1,,0
1969,119.41055,32.39309,8,2,,0
1970,119.41058,32.39309,8,3,,0
1971,119.41062,32.3931,8,4,,0
1972,119.4105,32.39315,8,1,,0
1973,119.41054,32.39315,8,2,,0
1974,119.41058,32.39316,8,3,,0
1975,119.41062,32.39316,8,4,,0
1976,119.4105,32.39321,8,1,,0
1977,119.41053,32.39322,8,2,,0
1978,119.41057,32.39322,8,3,,0
1979,119.41061,32.39322,8,4,,0
1980,119.41049,32.39328,8,1,,0
1981,119.41053,32.39328,8,2,,0
1982,119.41057,32.39328,8,3,,0
1983,119.4106,32.39328,8,4,,0
1984,119.41048,32.39334,8,1,,0
1985,119.41052,32.39334,8,2,,0
1986,119.41056,32.39334,8,3,,0
1987,119.4106,32.39335,8,4,,0
1988,119.41048,32.3934,8,1,,0
1989,119.41052,32.3934,8,2,,0
1990,119.41055,32.39341,8,3,,0
1991,119.41059,32.39341,8,4,,0
1992,119.41047,32.39347,8,1,,0
1993,119.41051,32.39347,8,2,,0
1994,119.41055,32.39347,8,3,,0
1995,119.41058,32.39347,8,4,,0
1996,119.41047,32.39353,8,1,,0
1997,119.4105,32.39353,8,2,,0
1998,119.41054,32.39353,8,3,,0
1999,119.41058,32.39354,8,4,,0
2000,119.41046,32.39359,8,1,,0
2001,119.4105,32.39359,8,2,,0
2002,119.41053,32.3936,8,3,,0
2003,119.41057,32.3936,8,4,,0
2004,119.41045,32.39365,8,1,,0
2005,119.41049,32.39366,8,2,,0
2006,119.41053,32.39366,8,3,,0
2007,119.41056,32.39366,8,4,,0
2008,119.41045,32.39372,8,1,,0
2009,119.41048,32.39372,8,2,,0
2010,119.41052,32.39372,8,3,,0
2011,119.41056,32.39372,8,4,,0
2012,119.41044,32.39378,8,1,,0
2013,119.41048,32.39378,8,2,,0
2014,119.41052,32.39379,8,3,,0
2015,119.41055,32.39379,8,4,,0
2016,119.41043,32.39384,8,1,,0
2017,119.41047,32.39385,8,2,,0
2018,119.41051,32.39385,8,3,,0
2019,119.41055,32.39385,8,4,,0
2020,119.41043,32.39391,8,1,,0
2021,119.41047,32.39391,8,2,,0
2022,119.4105,32.39391,8,3,,0
2023,119.41054,32.39391,8,4,,0
2024,119.41042,32.39397,8,1,,0
2025,119.41046,32.39397,8,2,,0
2026,119.4105,32.39397,8,3,,0
2027,119.41053,32.39398,8,4,,0
2028,119.41042,32.39403,8,1,,0
2029,119.41045,32.39403,8,2,,0
2030,119.41049,32.39404,8,3,,0
2031,119.41053,32.39404,8,4,,0
2032,119.41041,32.39409,8,1,,0
2033,119.41045,32.3941,8,2,,0
2034,119.41048,32.3941,8,3,,0
2035,119.41052,32.3941,8,4,,0
2036,119.4104,32.39416,8,1,,0
2037,119.41044,32.39416,8,2,,0
2038,119.41048,32.39416,8,3,,0
2039,119.41051,32.39417,8,4,,0
2040,119.4104,32.39422,8,1,,0
2041,119.41043,32.39422,8,2,,0
2042,119.41047,32.39423,8,3,,0
2043,119.41051,32.39423,8,4,,0
2044,119.41039,32.39428,8,1,,0
2045,119.41043,32.39429,8,2,,0
2046,119.41047,32.39429,8,3,,0
2047,119.4105,32.39429,8,4,,0
2048,119.41038,32.39435,8,1,,0
2049,119.41042,32.39435,8,2,,0
2050,119.41046,32.39435,8,3,,0
2051,119.4105,32.39435,8,4,,0
2052,119.41038,32.39441,8,1,,0
2053,119.41042,32.39441,8,2,,0
2054,119.41045,32.39441,8,3,,0
2055,119.41049,32.39442,8,4,,0
2056,119.41037,32.39447,8,1,,0
2057,119.41041,32.39447,8,2,,0
2058,119.41045,32.39448,8,3,,0
2059,119.41048,32.39448,8,4,,0
2060,119.41037,32.39453,8,1,,0
2061,119.4104,32.39454,8,2,,0
2062,119.41044,32.39454,8,3,,0
2063,119.41048,32.39454,8,4,,0
2064,119.41036,32.3946,8,1,,0
2065,119.4104,32.3946,8,2,,0
2066,119.41043,32.3946,8,3,,0
2067,119.41047,32.39461,8,4,,0
2068,119.41035,32.39466,8,1,,0
2069,119.41039,32.39466,8,2,,0
2070,119.41043,32.39467,8,3,,0
2071,119.41046,32.39467,8,4,,0
2072,119.41035,32.39472,8,1,,0
2073,119.41038,32.39473,8,2,,0
2074,119.41042,32.39473,8,3,,0
2075,119.41046,32.39473,8,4,,0
2076,119.41034,32.39479,8,1,,0
2077,119.41038,32.39479,8,2,,0
2078,119.41042,32.39479,8,3,,0
2079,119.41045,32.39479,8,4,,0
2080,119.41033,32.39485,8,1,,0
2081,119.41037,32.39485,8,2,,0
2082,119.41041,32.39485,8,3,,0
2083,119.41045,32.39486,8,4,,0
2084,119.41033,32.39491,8,1,,0
2085,119.41037,32.39492,8,2,,0
2086,119.4104,32.39492,8,3,,0
2087,119.41044,32.39492,8,4,,0
2088,119.41032,32.39498,8,1,,0
2089,119.41036,32.39498,8,2,,0
2090,119.4104,32.39498,8,3,,0
2091,119.41043,32.39498,8,4,,0
2092,119.41032,32.39504,8,1,,0
2093,119.41035,32.39504,8,2,,0
2094,119.41039,32.39504,8,3,,0
2095,119.41043,32.39505,8,4,,0
2096,119.41031,32.3951,8,1,,0
2097,119.41035,32.3951,8,2,,0
2098,119.41038,32.39511,8,3,,0
2099,119.41042,32.39511,8,4,,0
2100,119.4103,32.39516,8,1,,0
2101,119.41034,32.39517,8,2,,0
2102,119.41038,32.39517,8,3,,0
2103,119.41041,32.39517,8,4,,0
2112,119.41029,32.39527,8,1,,0
2113,119.41033,32.39527,8,2,,0
2114,119.41037,32.39528,8,3,,0
2115,119.4104,32.39528,8,4,,0
2116,119.41028,32.39533,8,1,,0
2117,119.41032,32.39533,8,2,,0
2118,119.41036,32.39534,8,3,,0
2119,119.41039,32.39534,8,4,,0
2120,119.41027,32.39541,8,1,,0
2121,119.41031,32.39541,8,2,,0
2122,119.41035,32.39542,8,3,,0
2123,119.41038,32.39542,8,4,,0
2124,119.41056,32.39256,8,1,,0
2125,119.4106,32.39256,8,2,,0
2126,119.41064,32.39257,8,3,,0
2127,119.41067,32.39257,8,4,,0
2128,119.41055,32.39271,8,1,,0
2129,119.41058,32.39271,8,2,,0
2130,119.41062,32.39272,8,3,,0
2131,119.41066,32.39272,8,4,,0
2132,119.4103,32.39521,8,1,,0
2133,119.41034,32.39521,8,2,,0
2134,119.41037,32.39521,8,3,,0
2135,119.41041,32.39522,8,4,,0
2136,119.41021,32.39545,9,1,,0
2137,119.41015,32.39549,9,1,,0
2138,119.41009,32.39552,9,1,,0
2139,119.41004,32.39556,9,1,,0
2140,119.4103,32.39548,10,1,,0
2141,119.41029,32.39554,10,1,,0
2142,119.41029,32.3956,10,1,,0
2143,119.41028,32.39566,10,1,,0
2144,119.41027,32.39573,10,1,,0
2145,119.41034,32.39548,10,2,,0
2146,119.41033,32.39554,10,2,,0
2147,119.41032,32.3956,10,2,,0
2148,119.41031,32.39567,10,2,,0
2149,119.41031,32.39573,10,2,,0
2150,119.41042,32.39547,11,1,,0
2151,119.4104,32.39559,12,1,,0
2152,119.41035,32.39554,12,1,,0
2153,119.4103,32.39549,12,1,,0
2154,119.41025,32.39545,12,1,,0
2155,119.41037,32.39566,13,1,,0
2156,119.4103,32.39566,13,1,,0
2157,119.41022,32.39565,13,1,,0
2158,119.41015,32.39564,13,1,,0
2159,119.41007,32.39564,13,1,,0
2160,119.41037,32.39569,13,2,,0
2161,119.41029,32.39569,13,2,,0
2162,119.41022,32.39568,13,2,,0
2163,119.41015,32.39567,13,2,,0
2164,119.41007,32.39567,13,2,,0
2165,119.41039,32.39575,14,1,,0
2166,119.41022,32.39575,15,1,,0
2167,119.41028,32.39571,15,1,,0
2168,119.41034,32.39568,15,1,,0
2169,119.4104,32.39564,15,1,,0
2170,119.41013,32.39573,16,1,,0
2171,119.41014,32.39566,16,1,,0
2172,119.41015,32.3956,16,1,,0
2173,119.41015,32.39554,16,1,,0
2174,119.41016,32.39548,16,1,,0
2175,119.41009,32.39572,16,2,,0
2176,119.4101,32.39566,16,2,,0
2177,119.41011,32.3956,16,2,,0
2178,119.41011,32.39554,16,2,,0
2179,119.41012,32.39547,16,2,,0
2180,119.41001,32.39573,17,1,,0
2181,119.41003,32.39561,18,1,,0
2182,119.41008,32.39565,18,1,,0
2183,119.41013,32.3957,18,1,,0
2184,119.41017,32.39575,18,1,,0
2185,119.41006,32.39553,19,1,,0
2186,119.41013,32.39554,19,1,,0
2187,119.41021,32.39555,19,1,,0
2188,119.41028,32.39555,19,1,,0
2189,119.41036,32.39556,19,1,,0
2190,119.41006,32.3955,19,2,,0
2191,119.41014,32.39551,19,2,,0
2192,119.41021,32.39551,19,2,,0
2193,119.41029,32.39552,19,2,,0
2194,119.41036,32.39553,19,2,,0
2195,119.41004,32.39545,20,1,,0
